memberId,firstName,lastName,email,avatar,lat,lon
1,Nathalie,Stone,nathalie.stone@hanaites.com,member57.png,47.9214,-0.676
2,Carmen,Akiyama,carmen.akiyama@hanaites.com,member57.png,44.9845,1.6372
3,Miguel,Komarov,miguel.komarov@hanaites.com,member57.png,36.35,140.3
4,Kenji,Patel,kenji.patel@hanaites.com,member57.png,45.3691,4.2049
5,Ravi,Wang,ravi.wang@hanaites.com,member57.png,22.35,114.0667
6,Roberta,Sakamo,roberta.sakamo@hanaites.com,member57.png,43.5,-0.1667
7,Xiaoming,Zhukov,xiaoming.zhukov@hanaites.com,member57.png,48.1148,1.4437
8,Donna,Semenov,donna.semenov@hanaites.com,member57.png,46.8,6.0167
9,Oleg,Suzuki,oleg.suzuki@hanaites.com,member57.png,48.0822,6.9294
10,Francesca,Moore,francesca.moore@hanaites.com,member57.png,51.4,12.2167
11,Michel,Schmidt,michel.schmidt@hanaites.com,member57.png,48.5538,2.2167
12,Takahiro,Bauer,takahiro.bauer@hanaites.com,member57.png,45.2863,1.9887
13,Cristina,Becker,cristina.becker@hanaites.com,member57.png,51.2833,0.1333
14,Donna,Leclerq,donna.leclerq@hanaites.com,member57.png,56,-3.4
15,Rahul,Toseland,rahul.toseland@hanaites.com,member57.png,53.3272,6.5301
16,Thomas,Stone,thomas.stone@hanaites.com,member57.png,51.8167,0.3333
17,Mikhail,Adams,mikhail.adams@hanaites.com,member57.png,48.1333,8.2167
18,Jose,Zhukov,jose.zhukov@hanaites.com,member57.png,38.7618,-91.6002
19,Aneesha,Mayer,aneesha.mayer@hanaites.com,member57.png,48.2289,-3.1815
20,Enzo,Ferrari,enzo.ferrari@hanaites.com,member57.png,49.3549,10.4833
21,Vladimir,Pandey,vladimir.pandey@hanaites.com,member57.png,53.55,11.2833
22,Vladimir,Smith,vladimir.smith@hanaites.com,member57.png,46.3667,-72.0167
23,Aiko,Wang,aiko.wang@hanaites.com,member57.png,49.43,9.2906
24,Lee,Rossi,lee.rossi@hanaites.com,member57.png,48.4352,-4.3972
25,Laurent,Gomez,laurent.gomez@hanaites.com,member57.png,48.9,10.4
26,Francesca,Moore,francesca.moore@hanaites.com,member57.png,51.4,12.2167
27,Miguel,Crutchlow,miguel.crutchlow@hanaites.com,member57.png,48.5667,13.7333
28,Marina,Zhao,marina.zhao@hanaites.com,member57.png,53.4833,11.0333
29,Gerd,Zhou,gerd.zhou@hanaites.com,member57.png,47.7667,9.6667
30,Ravi,Wang,ravi.wang@hanaites.com,member57.png,22.35,114.0667
31,Jose,Akiyama,jose.akiyama@hanaites.com,member57.png,45.4,-71.9
32,Matthew,Ferrari,matthew.ferrari@hanaites.com,member57.png,51.4256,5.5226
33,Lee,Toseland,lee.toseland@hanaites.com,member57.png,52.4,10.1833
34,Oleg,Smith,oleg.smith@hanaites.com,member57.png,52.4,8.4167
35,Xiaoming,Ghosh,xiaoming.ghosh@hanaites.com,member57.png,52.1333,10.5833
36,Kenji,Becker,kenji.becker@hanaites.com,member57.png,50.7,8.1
37,Xiaoming,Sokolova,xiaoming.sokolova@hanaites.com,member57.png,45.5425,-93.4769
38,Michael,Moore,michael.moore@hanaites.com,member57.png,50.9333,12.65
39,Elena,Ma,elena.ma@hanaites.com,member57.png,53.7167,-1.9333
40,Matthew,Ferrari,matthew.ferrari@hanaites.com,member57.png,51.4256,5.5226
41,Oleg,Patel,oleg.patel@hanaites.com,member57.png,54.4333,-0.7167
42,Svetlana,Lopez,svetlana.lopez@hanaites.com,member57.png,49.3167,-96.3
43,Jenny,Patel,jenny.patel@hanaites.com,member57.png,44.8556,3.0998
44,Michael,Toseland,michael.toseland@hanaites.com,member57.png,34.5,135.85
45,Oleg,Bertolini,oleg.bertolini@hanaites.com,member57.png,54.9806,-1.4508
46,Jose,Zhou,jose.zhou@hanaites.com,member57.png,46.8198,1.2112
47,Thomas,Bertolini,thomas.bertolini@hanaites.com,member57.png,27.2333,88.5
48,Takahiro,Leclerq,takahiro.leclerq@hanaites.com,member57.png,52.3833,-0.1833
49,Marina,Romanov,marina.romanov@hanaites.com,member57.png,49.7833,11.2333
50,Alessandra,Schmitz,alessandra.schmitz@hanaites.com,member57.png,44.8327,-89.3501
51,Gerd,Rossi,gerd.rossi@hanaites.com,member57.png,51.5167,6.1333
52,Marina,Bertolini,marina.bertolini@hanaites.com,member57.png,53.5667,12.6
53,Teresa,Liu,teresa.liu@hanaites.com,member57.png,45.4859,6.4824
54,Hiroshi,Lopez,hiroshi.lopez@hanaites.com,member57.png,41.1917,-77.2239
55,Marco,Ricci,marco.ricci@hanaites.com,member57.png,48.923,6.6418
56,Marco,Chevalier,marco.chevalier@hanaites.com,member57.png,15.5833,73.8167
57,Monique,Bowler,monique.bowler@hanaites.com,member57.png,49.5011,4.342
58,Bernard,Froome,bernard.froome@hanaites.com,member57.png,51.7833,6.3167
59,Thomas,Moore,thomas.moore@hanaites.com,member57.png,48.1081,3.5122
60,Marco,Romanov,marco.romanov@hanaites.com,member57.png,42.7578,140.8025
61,Hiroshi,Rossi,hiroshi.rossi@hanaites.com,member57.png,47.9427,-2.1165
62,Jamie,Honda,jamie.honda@hanaites.com,member57.png,35.0667,133.75
63,Francesca,Liu,francesca.liu@hanaites.com,member57.png,51.2461,-2.7394
64,Mikhail,Romanov,mikhail.romanov@hanaites.com,member57.png,45.2665,4.335
65,Carmen,Gomez,carmen.gomez@hanaites.com,member57.png,43.1533,-88.6012
66,Julie,Zhou,julie.zhou@hanaites.com,member57.png,45.9948,6.2458
67,Donna,Leclerq,donna.leclerq@hanaites.com,member57.png,56,-3.4
68,Stefan,Smith,stefan.smith@hanaites.com,member57.png,51.1667,0.5
69,Michael,Crutchlow,michael.crutchlow@hanaites.com,member57.png,45.121,4.5345
70,Monique,Ghosh,monique.ghosh@hanaites.com,member57.png,46.6546,7.7755
71,Yoko,Petrova,yoko.petrova@hanaites.com,member57.png,45.2676,3.4871
72,Takahiro,Bosch,takahiro.bosch@hanaites.com,member57.png,45.4902,1.9183
73,Gerd,Sokolova,gerd.sokolova@hanaites.com,member57.png,41.2476,-90.89
74,Marco,Semenov,marco.semenov@hanaites.com,member57.png,54.1167,-1.35
75,Jenny,Rossi,jenny.rossi@hanaites.com,member57.png,46.501,-79.7263
76,Oleg,Bertolini,oleg.bertolini@hanaites.com,member57.png,54.9806,-1.4508
77,Veena,Bauer,veena.bauer@hanaites.com,member57.png,45.867,0.9794
78,John,Rossi,john.rossi@hanaites.com,member57.png,40.403,-75.5975
79,John,Armstrong,john.armstrong@hanaites.com,member57.png,42.3723,-77.3658
80,Ravi,Wang,ravi.wang@hanaites.com,member57.png,22.35,114.0667
81,Takahiro,Dupont,takahiro.dupont@hanaites.com,member57.png,46.4788,-1.2189
82,Jose,Zhou,jose.zhou@hanaites.com,member57.png,46.8198,1.2112
83,Xiaoming,Smith,xiaoming.smith@hanaites.com,member57.png,48.9184,-0.4713
84,Tomoko,Lopez,tomoko.lopez@hanaites.com,member57.png,45.3233,-0.3752
85,Yoko,Ono,yoko.ono@hanaites.com,member57.png,43.7245,5.8108
86,Simon,Penn,simon.penn@hanaites.com,member57.png,47.9333,11.65
87,Thomas,Moore,thomas.moore@hanaites.com,member57.png,48.1081,3.5122
88,Xiaoming,Zhukov,xiaoming.zhukov@hanaites.com,member57.png,48.1148,1.4437
89,Marina,Suzuki,marina.suzuki@hanaites.com,member57.png,53.3167,-1.0167
90,Jose,Akiyama,jose.akiyama@hanaites.com,member57.png,45.4,-71.9
91,Veena,Sato,veena.sato@hanaites.com,member57.png,49.2409,-0.063
92,Veena,Semenov,veena.semenov@hanaites.com,member57.png,52.7519,5.0751
93,Veena,Romanov,veena.romanov@hanaites.com,member57.png,25.6968,-80.1611
94,Svetlana,Schneider,svetlana.schneider@hanaites.com,member57.png,45.5919,-91.6013
95,Carmen,Bertolini,carmen.bertolini@hanaites.com,member57.png,49.4083,3.5163
96,Teresa,Moore,teresa.moore@hanaites.com,member57.png,45.5944,-87.9317
97,Elena,Komarov,elena.komarov@hanaites.com,member57.png,48.2439,5.4167
98,Joseph,Prince,joseph.prince@hanaites.com,member57.png,51.0728,-3.4992
99,Katrin,Sokolova,katrin.sokolova@hanaites.com,member57.png,44.3957,-68.0372
100,Kenji,Stone,kenji.stone@hanaites.com,member57.png,50.15,-115.8333
101,Marina,Zhao,marina.zhao@hanaites.com,member57.png,53.4833,11.0333
102,John,Sato,john.sato@hanaites.com,member57.png,48.5498,7.4027
103,Jenny,Bosch,jenny.bosch@hanaites.com,member57.png,54.0833,13.45
104,Jenny,Bertolini,jenny.bertolini@hanaites.com,member57.png,38.8263,-102.86
105,Oleg,Becker,oleg.becker@hanaites.com,member57.png,44.2134,-122.8
106,Nathalie,Toseland,nathalie.toseland@hanaites.com,member57.png,48.9167,12.8667
107,Karan,Abe,karan.abe@hanaites.com,member57.png,52.0447,4.8034
108,Elena,Kawashima,elena.kawashima@hanaites.com,member57.png,43.112,2.2927
109,Antonio,Ma,antonio.ma@hanaites.com,member57.png,51.4167,8.05
110,Takahiro,Crutchlow,takahiro.crutchlow@hanaites.com,member57.png,49.7883,4.4948
111,Teresa,Bertolini,teresa.bertolini@hanaites.com,member57.png,49.85,9.9167
112,Karan,Petrova,karan.petrova@hanaites.com,member57.png,51.1167,13.7
113,John,Abe,john.abe@hanaites.com,member57.png,53.5333,-7.7833
114,Monique,Sato,monique.sato@hanaites.com,member57.png,44.0873,4.8838
115,Thomas,Petrova,thomas.petrova@hanaites.com,member57.png,48.6442,5.512
116,Xiaoming,Ghosh,xiaoming.ghosh@hanaites.com,member57.png,52.1333,10.5833
117,Takahiro,Bauer,takahiro.bauer@hanaites.com,member57.png,45.2863,1.9887
118,Matthew,Bertolini,matthew.bertolini@hanaites.com,member57.png,54.7167,9.3833
119,Denise,Perrin,denise.perrin@hanaites.com,member57.png,49.7833,12.2167
120,Giovanni,Petrova,giovanni.petrova@hanaites.com,member57.png,51.2333,1.1167
121,Ravi,Mayer,ravi.mayer@hanaites.com,member57.png,43.3633,1.8662
122,Nathalie,Singh,nathalie.singh@hanaites.com,member57.png,54.05,-2.2667
123,Xiaoli,Abe,xiaoli.abe@hanaites.com,member57.png,46.1775,4.8172
124,Jenny,Patel,jenny.patel@hanaites.com,member57.png,44.8556,3.0998
125,Takahiro,Leclerq,takahiro.leclerq@hanaites.com,member57.png,52.3833,-0.1833
126,John,Sato,john.sato@hanaites.com,member57.png,48.5498,7.4027
127,Denise,Gomez,denise.gomez@hanaites.com,member57.png,45.9481,-0.1819
128,Jamie,Honda,jamie.honda@hanaites.com,member57.png,35.0667,133.75
129,Xiaoming,Fernandez,xiaoming.fernandez@hanaites.com,member57.png,53.7167,10.9167
130,Denise,Miller,denise.miller@hanaites.com,member57.png,50.1833,9
131,Michael,Toseland,michael.toseland@hanaites.com,member57.png,34.5,135.85
132,Matthew,Ricci,matthew.ricci@hanaites.com,member57.png,31.3968,-97.1748
133,Marco,Ma,marco.ma@hanaites.com,member57.png,50.7,7.7833
134,Tomoko,Lopez,tomoko.lopez@hanaites.com,member57.png,45.3233,-0.3752
135,Takahiro,Leclerq,takahiro.leclerq@hanaites.com,member57.png,52.3833,-0.1833
136,Miguel,Schmitz,miguel.schmitz@hanaites.com,member57.png,43.1454,-72.5069
137,Donna,Wang,donna.wang@hanaites.com,member57.png,28.326,-81.3204
138,Francisco,Romanov,francisco.romanov@hanaites.com,member57.png,51.825,5.6266
139,Nathalie,Perrin,nathalie.perrin@hanaites.com,member57.png,44.3724,0.9589
140,Carmen,Akiyama,carmen.akiyama@hanaites.com,member57.png,44.9845,1.6372
141,Monique,Dubois,monique.dubois@hanaites.com,member57.png,50.5024,2.6389
142,Michel,Zhukov,michel.zhukov@hanaites.com,member57.png,28.7167,77.85
143,Ravi,Wang,ravi.wang@hanaites.com,member57.png,22.35,114.0667
144,Michaela,Ishida,michaela.ishida@hanaites.com,member57.png,49.0908,0.6945
145,Giovanni,Rodriguez,giovanni.rodriguez@hanaites.com,member57.png,53.0167,8.8
146,Monique,Dubois,monique.dubois@hanaites.com,member57.png,50.5024,2.6389
147,Jenny,Bertolini,jenny.bertolini@hanaites.com,member57.png,38.8263,-102.86
148,Michaela,Ishida,michaela.ishida@hanaites.com,member57.png,49.0908,0.6945
149,Isabelle,Smith,isabelle.smith@hanaites.com,member57.png,48.046,2.4024
150,John,Armstrong,john.armstrong@hanaites.com,member57.png,42.3723,-77.3658
151,Cristina,Wang,cristina.wang@hanaites.com,member57.png,31.7163,-93.3345
152,Francesca,Schneider,francesca.schneider@hanaites.com,member57.png,51.7746,5.2234
153,Xiaoming,Zhukov,xiaoming.zhukov@hanaites.com,member57.png,48.1148,1.4437
154,Giovanni,Stone,giovanni.stone@hanaites.com,member57.png,50.1056,1.5262
155,Elena,Kawashima,elena.kawashima@hanaites.com,member57.png,43.112,2.2927
156,Terry,Riley,terry.riley@hanaites.com,member57.png,45.4833,0.2833
157,John,Sato,john.sato@hanaites.com,member57.png,48.5498,7.4027
158,Isabelle,Adams,isabelle.adams@hanaites.com,member57.png,46.3057,5.9437
159,Svetlana,Ricci,svetlana.ricci@hanaites.com,member57.png,46.9412,-2.1775
160,Svetlana,Dubois,svetlana.dubois@hanaites.com,member57.png,40.1221,-75.2166
161,Tomoko,Esposito,tomoko.esposito@hanaites.com,member57.png,49.3392,5.6213
162,Aneesha,Ishida,aneesha.ishida@hanaites.com,member57.png,48.552,0.5455
163,Richard,Bosch,richard.bosch@hanaites.com,member57.png,54.1431,-112.1511
164,Giovanni,Petrova,giovanni.petrova@hanaites.com,member57.png,51.2333,1.1167
165,Jose,Komarov,jose.komarov@hanaites.com,member57.png,12.3833,77.0833
166,Michel,Akiyama,michel.akiyama@hanaites.com,member57.png,47.2569,1.3996
167,Aneesha,Ishida,aneesha.ishida@hanaites.com,member57.png,48.552,0.5455
168,Rahul,Patel,rahul.patel@hanaites.com,member57.png,57.2074,114.15
169,Xiaoming,Schneider,xiaoming.schneider@hanaites.com,member57.png,53.1731,-7.6961
170,Monique,Dubois,monique.dubois@hanaites.com,member57.png,50.5024,2.6389
171,Richard,Wang,richard.wang@hanaites.com,member57.png,45.0333,-62
172,Kenji,Adams,kenji.adams@hanaites.com,member57.png,44.8764,-91.0424
173,Aiko,Zhou,aiko.zhou@hanaites.com,member57.png,48.4833,6.8167
174,Karan,Suzuki,karan.suzuki@hanaites.com,member57.png,49.1434,-1.3697
175,Michaela,Liu,michaela.liu@hanaites.com,member57.png,44.8183,1.0167
176,Marina,Zhao,marina.zhao@hanaites.com,member57.png,53.4833,11.0333
177,Jenny,Suzuki,jenny.suzuki@hanaites.com,member57.png,40.2795,-76.4383
178,Svetlana,Sokolova,svetlana.sokolova@hanaites.com,member57.png,38.6045,-89.2912
179,Donna,Wang,donna.wang@hanaites.com,member57.png,28.326,-81.3204
180,Aiko,Zhou,aiko.zhou@hanaites.com,member57.png,48.4833,6.8167
181,Kathy,Patel,kathy.patel@hanaites.com,member57.png,48.9333,9.0667
182,Michel,Bosch,michel.bosch@hanaites.com,member57.png,52.8333,9.2
183,John,Sato,john.sato@hanaites.com,member57.png,48.5498,7.4027
184,Monique,Schneider,monique.schneider@hanaites.com,member57.png,49.2358,10.0333
185,Thomas,Bertolini,thomas.bertolini@hanaites.com,member57.png,27.2333,88.5
186,Katrin,Singh,katrin.singh@hanaites.com,member57.png,50.0333,7.3167
187,Oleg,Bertolini,oleg.bertolini@hanaites.com,member57.png,54.9806,-1.4508
188,Jenny,Becker,jenny.becker@hanaites.com,member57.png,47.8293,-1.3191
189,Oleg,Smith,oleg.smith@hanaites.com,member57.png,52.4,8.4167
190,Marina,Zhao,marina.zhao@hanaites.com,member57.png,53.4833,11.0333
191,Marco,Romanov,marco.romanov@hanaites.com,member57.png,42.7578,140.8025
192,Ravi,Semenov,ravi.semenov@hanaites.com,member57.png,47.2677,4.6335
193,Carmen,Akiyama,carmen.akiyama@hanaites.com,member57.png,44.9845,1.6372
194,John,Sato,john.sato@hanaites.com,member57.png,48.5498,7.4027
195,Carmen,Dupont,carmen.dupont@hanaites.com,member57.png,49.7228,5.1435
196,Roberta,Akiyama,roberta.akiyama@hanaites.com,member57.png,35.05,136.0167
197,Gerd,Sokolova,gerd.sokolova@hanaites.com,member57.png,41.2476,-90.89
198,Lee,Ruiz,lee.ruiz@hanaites.com,member57.png,43.25,0.9667
199,Laurent,Komarov,laurent.komarov@hanaites.com,member57.png,51.0833,6.2167
200,Hiroshi,Perrin,hiroshi.perrin@hanaites.com,member57.png,53.05,-1.1833
201,Gerd,Vega,gerd.vega@hanaites.com,member57.png,51.3,12.2
202,Kenji,Akiyama,kenji.akiyama@hanaites.com,member57.png,51.9333,-2.4
203,Sabine,Bauer,sabine.bauer@hanaites.com,member57.png,47.7167,2.2
204,Teresa,Moore,teresa.moore@hanaites.com,member57.png,45.5944,-87.9317
205,Aneesha,Bosch,aneesha.bosch@hanaites.com,member57.png,36.5653,-83.0602
206,Nandita,Dubois,nandita.dubois@hanaites.com,member57.png,50.45,11.2167
207,Tomoko,Esposito,tomoko.esposito@hanaites.com,member57.png,49.3392,5.6213
208,Aiko,Dupont,aiko.dupont@hanaites.com,member57.png,47.85,-65.7667
209,Roberta,Roberts,roberta.roberts@hanaites.com,member57.png,34.1667,131.7
210,Xiaoli,Moore,xiaoli.moore@hanaites.com,member57.png,45.4167,0.2333
211,Julie,Smith,julie.smith@hanaites.com,member57.png,35.6443,-82.3029
212,Teresa,Moore,teresa.moore@hanaites.com,member57.png,45.5944,-87.9317
213,Matthew,Bosch,matthew.bosch@hanaites.com,member57.png,51.45,-0.2
214,Thomas,Petrova,thomas.petrova@hanaites.com,member57.png,48.6442,5.512
215,Giovanni,Mishra,giovanni.mishra@hanaites.com,member57.png,52.7277,6.4896
216,Isabelle,Pandey,isabelle.pandey@hanaites.com,member57.png,49.0667,9.3167
217,Karan,Moore,karan.moore@hanaites.com,member57.png,29.4931,-81.127
218,Donna,Ricci,donna.ricci@hanaites.com,member57.png,44.4755,6.8001
219,Nandita,Semenov,nandita.semenov@hanaites.com,member57.png,51.4189,5.7132
220,John,Lopez,john.lopez@hanaites.com,member57.png,43.7533,-1.3278
221,Tomoko,Bowler,tomoko.bowler@hanaites.com,member57.png,50.9667,6.75
222,Michel,Dupont,michel.dupont@hanaites.com,member57.png,58.0167,-6.5333
223,Teresa,Bertolini,teresa.bertolini@hanaites.com,member57.png,49.85,9.9167
224,Oleg,Zhukov,oleg.zhukov@hanaites.com,member57.png,40.4543,-75.66
225,Lee,Ruiz,lee.ruiz@hanaites.com,member57.png,43.25,0.9667
226,Nandita,Liu,nandita.liu@hanaites.com,member57.png,53.6333,11.5833
227,Jenny,Wilson,jenny.wilson@hanaites.com,member57.png,54.1,-6.3667
228,Michel,Mishra,michel.mishra@hanaites.com,member57.png,19.2,73.1667
229,Svetlana,Dubois,svetlana.dubois@hanaites.com,member57.png,40.1221,-75.2166
230,Carmen,Roberts,carmen.roberts@hanaites.com,member57.png,54.3833,-3.4833
231,Antonio,Ma,antonio.ma@hanaites.com,member57.png,51.4167,8.05
232,Aiko,Romanov,aiko.romanov@hanaites.com,member57.png,34.2833,133.7833
233,Laurent,Volkova,laurent.volkova@hanaites.com,member57.png,49.2355,0.3836
234,Tomoko,Suzuki,tomoko.suzuki@hanaites.com,member57.png,31.7833,76.35
235,Rahul,Crutchlow,rahul.crutchlow@hanaites.com,member57.png,46.167,2.9062
236,Ravi,Suzuki,ravi.suzuki@hanaites.com,member57.png,50.9667,11.7
237,Svetlana,Wang,svetlana.wang@hanaites.com,member57.png,53.6667,-7.3
238,Lee,Rodriguez,lee.rodriguez@hanaites.com,member57.png,51.3,8.6167
239,Kenji,Chevalier,kenji.chevalier@hanaites.com,member57.png,49.3809,1.0311
240,Ravi,Romanov,ravi.romanov@hanaites.com,member57.png,50.5833,7.2833
241,Michel,Ferrari,michel.ferrari@hanaites.com,member57.png,53.7833,11.0833
242,Marco,Semenov,marco.semenov@hanaites.com,member57.png,54.1167,-1.35
243,Karan,Esposito,karan.esposito@hanaites.com,member57.png,53.3094,-7.0236
244,Richard,Becker,richard.becker@hanaites.com,member57.png,37.9132,-94.5239
245,Vladimir,Abe,vladimir.abe@hanaites.com,member57.png,41.2028,-83.5445
246,Kathy,Mishra,kathy.mishra@hanaites.com,member57.png,53.4142,-7.2961
247,Xiaoli,Abe,xiaoli.abe@hanaites.com,member57.png,46.1775,4.8172
248,Laurent,Kawashima,laurent.kawashima@hanaites.com,member57.png,43.834,2.2539
249,Denise,Zhou,denise.zhou@hanaites.com,member57.png,48.6897,-0.1227
250,Lee,Toseland,lee.toseland@hanaites.com,member57.png,52.4,10.1833
251,John,Sheene,john.sheene@hanaites.com,member57.png,48.3,13.1667
252,Karan,Ferrari,karan.ferrari@hanaites.com,member57.png,45.3515,1.637
253,Xiaoli,Sheene,xiaoli.sheene@hanaites.com,member57.png,51.1333,9.4833
254,Donna,Romanov,donna.romanov@hanaites.com,member57.png,50.6,6.6167
255,Teresa,Liu,teresa.liu@hanaites.com,member57.png,45.4859,6.4824
256,Cristina,Becker,cristina.becker@hanaites.com,member57.png,51.2833,0.1333
257,Aneesha,Ma,aneesha.ma@hanaites.com,member57.png,51.9444,-4.5
258,Michel,Zhukov,michel.zhukov@hanaites.com,member57.png,28.7167,77.85
259,Karan,Sheene,karan.sheene@hanaites.com,member57.png,52.3167,-2.2
260,Aiko,Zhou,aiko.zhou@hanaites.com,member57.png,48.4833,6.8167
261,Aneesha,Mayer,aneesha.mayer@hanaites.com,member57.png,48.2289,-3.1815
262,Xiaoming,Zhukov,xiaoming.zhukov@hanaites.com,member57.png,48.1148,1.4437
263,Julie,Agarwal,julie.agarwal@hanaites.com,member57.png,29.6865,-81.6376
264,Nandita,Semenov,nandita.semenov@hanaites.com,member57.png,51.4189,5.7132
265,Francesca,Sokolova,francesca.sokolova@hanaites.com,member57.png,47.8333,-4.2833
266,Carmen,Ricci,carmen.ricci@hanaites.com,member57.png,54.7833,-1.7
267,Antonio,Patel,antonio.patel@hanaites.com,member57.png,44.5987,0.7426
268,Karan,Ruiz,karan.ruiz@hanaites.com,member57.png,46.2833,4.6
269,Thomas,Abe,thomas.abe@hanaites.com,member57.png,40.9445,-74.07
270,Thomas,Stone,thomas.stone@hanaites.com,member57.png,51.8167,0.3333
271,Tomoko,Bowler,tomoko.bowler@hanaites.com,member57.png,50.9667,6.75
272,Hiroshi,Toseland,hiroshi.toseland@hanaites.com,member57.png,49.8372,8.3497
273,Roberta,Sato,roberta.sato@hanaites.com,member57.png,48,12.4667
274,Jenny,Rossi,jenny.rossi@hanaites.com,member57.png,46.501,-79.7263
275,Oleg,Vega,oleg.vega@hanaites.com,member57.png,36.8513,-85.5541
276,Michael,Sheene,michael.sheene@hanaites.com,member57.png,53.8333,11.5167
277,Roberta,Moore,roberta.moore@hanaites.com,member57.png,48.2167,-0.6634
278,Giovanni,Ghosh,giovanni.ghosh@hanaites.com,member57.png,38.322,-86.1021
279,Donna,Romanov,donna.romanov@hanaites.com,member57.png,50.6,6.6167
280,Kathy,Sokolova,kathy.sokolova@hanaites.com,member57.png,46.7833,8.4833
281,Cristina,Li,cristina.li@hanaites.com,member57.png,43.3667,-0.15
282,Matthew,Sokolova,matthew.sokolova@hanaites.com,member57.png,48.3289,1.6927
283,Karan,Gomez,karan.gomez@hanaites.com,member57.png,47.7167,9.1
284,Veena,Semenov,veena.semenov@hanaites.com,member57.png,52.7519,5.0751
285,Michaela,Komarov,michaela.komarov@hanaites.com,member57.png,52.6,10.3833
286,Carmen,Dupont,carmen.dupont@hanaites.com,member57.png,49.7228,5.1435
287,Richard,Mishra,richard.mishra@hanaites.com,member57.png,52.9333,9.1
288,Jenny,King,jenny.king@hanaites.com,member57.png,49.2667,11.2167
289,Takahiro,Zhukov,takahiro.zhukov@hanaites.com,member57.png,44.0667,144.25
290,Gerd,Sokolova,gerd.sokolova@hanaites.com,member57.png,41.2476,-90.89
291,Miguel,Schneider,miguel.schneider@hanaites.com,member57.png,49.9333,11
292,Elena,Akiyama,elena.akiyama@hanaites.com,member57.png,53.4,7.4333
293,Kenji,Becker,kenji.becker@hanaites.com,member57.png,50.7,8.1
294,Xiaoli,Abe,xiaoli.abe@hanaites.com,member57.png,46.1775,4.8172
295,Gerd,Vega,gerd.vega@hanaites.com,member57.png,51.3,12.2
296,John,Sheene,john.sheene@hanaites.com,member57.png,48.3,13.1667
297,Xiaoli,Bowler,xiaoli.bowler@hanaites.com,member57.png,48.0982,-0.8888
298,Francesca,Moore,francesca.moore@hanaites.com,member57.png,51.4,12.2167
299,Julie,Zhou,julie.zhou@hanaites.com,member57.png,45.9948,6.2458
300,Jenny,Bertolini,jenny.bertolini@hanaites.com,member57.png,38.8263,-102.86
301,Richard,Sato,richard.sato@hanaites.com,member57.png,44.6565,1.3956
302,Isabelle,Akiyama,isabelle.akiyama@hanaites.com,member57.png,42.9662,-106.807
303,Nandita,Volkova,nandita.volkova@hanaites.com,member57.png,48.65,10.4333
304,Alessandra,Wang,alessandra.wang@hanaites.com,member57.png,34.8362,-79.5651
305,Takahiro,Leclerq,takahiro.leclerq@hanaites.com,member57.png,52.3833,-0.1833
306,Xiaoming,Adams,xiaoming.adams@hanaites.com,member57.png,52.35,9.2833
307,Svetlana,Ferrari,svetlana.ferrari@hanaites.com,member57.png,54.3167,-3.2333
308,Teresa,Kawashima,teresa.kawashima@hanaites.com,member57.png,53.3667,-0.4333
309,Alain,Schneider,alain.schneider@hanaites.com,member57.png,51.6714,-4.1011
310,Cristina,Ferrari,cristina.ferrari@hanaites.com,member57.png,49.3667,-77.2331
311,John,Ishida,john.ishida@hanaites.com,member57.png,39.4833,140.2
312,Francesca,Schmitz,francesca.schmitz@hanaites.com,member57.png,43.6687,-75.2376
313,Rahul,Zhao,rahul.zhao@hanaites.com,member57.png,48.9713,12.175
314,Freddie,Spencer,freddie.spencer@hanaites.com,member57.png,53.5333,-8.5667
315,Jenny,King,jenny.king@hanaites.com,member57.png,49.2667,11.2167
316,Xiaoli,Rodriguez,xiaoli.rodriguez@hanaites.com,member57.png,50.2,6.75
317,Isabelle,Pandey,isabelle.pandey@hanaites.com,member57.png,49.0667,9.3167
318,Marina,Bertolini,marina.bertolini@hanaites.com,member57.png,53.5667,12.6
319,Alessandra,Wang,alessandra.wang@hanaites.com,member57.png,34.8362,-79.5651
320,Kathy,Fernandez,kathy.fernandez@hanaites.com,member57.png,49.6167,7.6333
321,Giovanni,Roberts,giovanni.roberts@hanaites.com,member57.png,46.7173,6.9948
322,Denise,Gomez,denise.gomez@hanaites.com,member57.png,45.9481,-0.1819
323,Francisco,Romanov,francisco.romanov@hanaites.com,member57.png,51.825,5.6266
324,Tomoko,Semenov,tomoko.semenov@hanaites.com,member57.png,37.974,-75.4787
325,Aneesha,Toseland,aneesha.toseland@hanaites.com,member57.png,35.7061,139.5594
326,Kathy,Komarov,kathy.komarov@hanaites.com,member57.png,52.9197,6.4183
327,Lee,Komarov,lee.komarov@hanaites.com,member57.png,54.0667,13.9
328,Jenny,Wilson,jenny.wilson@hanaites.com,member57.png,54.1,-6.3667
329,Matthew,Becker,matthew.becker@hanaites.com,member57.png,50.9167,8.1513
330,Nandita,Mishra,nandita.mishra@hanaites.com,member57.png,50.9,12.2
331,Ravi,Wang,ravi.wang@hanaites.com,member57.png,22.35,114.0667
332,Marina,Sokolova,marina.sokolova@hanaites.com,member57.png,43.3667,-0.2
333,Mikhail,Ricci,mikhail.ricci@hanaites.com,member57.png,45.6833,1.5667
334,Marco,Mayer,marco.mayer@hanaites.com,member57.png,51.15,-0.2833
335,Michael,Bertolini,michael.bertolini@hanaites.com,member57.png,15.4,73.8333
336,Sabine,Ma,sabine.ma@hanaites.com,member57.png,20.15,72.7167
337,Oleg,Suzuki,oleg.suzuki@hanaites.com,member57.png,48.0822,6.9294
338,Vladimir,Ruiz,vladimir.ruiz@hanaites.com,member57.png,49.0833,6.2333
339,Svetlana,Armstrong,svetlana.armstrong@hanaites.com,member57.png,33.9472,-118.0657
340,Monique,Gomez,monique.gomez@hanaites.com,member57.png,37.9573,-81.2273
341,Isabelle,Volkova,isabelle.volkova@hanaites.com,member57.png,43.0872,2.9583
342,Alain,Button,alain.button@hanaites.com,member57.png,19.8703,-155.2297
343,Elena,Bosch,elena.bosch@hanaites.com,member57.png,48.0209,-0.8691
344,Elena,Armstrong,elena.armstrong@hanaites.com,member57.png,50.9,10.3
345,Veena,Bertolini,veena.bertolini@hanaites.com,member57.png,53.2667,-2.5333
346,Tomoko,Lopez,tomoko.lopez@hanaites.com,member57.png,45.3233,-0.3752
347,Julie,Smith,julie.smith@hanaites.com,member57.png,35.6443,-82.3029
348,Julie,Postic,julie.postic@hanaites.com,member57.png,52.25,8.1833
349,Nandita,Pandey,nandita.pandey@hanaites.com,member57.png,40.7716,-72.9407
350,Francisco,Smith,francisco.smith@hanaites.com,member57.png,23.1833,85.5833
351,Aneesha,Ma,aneesha.ma@hanaites.com,member57.png,51.9444,-4.5
352,Fred,Honda,fred.honda@hanaites.com,member57.png,50.5,-3.65
353,Alessandra,Wang,alessandra.wang@hanaites.com,member57.png,34.8362,-79.5651
354,Mikhail,Wilson,mikhail.wilson@hanaites.com,member57.png,39.1356,-94.133
355,Marina,Moore,marina.moore@hanaites.com,member57.png,37.2201,-89.3948
356,Takahiro,Bosch,takahiro.bosch@hanaites.com,member57.png,45.4902,1.9183
357,Lee,Rossi,lee.rossi@hanaites.com,member57.png,48.4352,-4.3972
358,Takahiro,Leclerq,takahiro.leclerq@hanaites.com,member57.png,52.3833,-0.1833
359,Xiaoli,Schmitz,xiaoli.schmitz@hanaites.com,member57.png,53.9833,12.1
360,Kathy,Patel,kathy.patel@hanaites.com,member57.png,48.9333,9.0667
361,Karan,Volkova,karan.volkova@hanaites.com,member57.png,37.4333,140.4833
362,Stefan,Ishida,stefan.ishida@hanaites.com,member57.png,37.3485,-80.6816
363,Gerd,Toseland,gerd.toseland@hanaites.com,member57.png,34.5335,-92.9741
364,Laurent,Rossi,laurent.rossi@hanaites.com,member57.png,51.3,11.85
365,Vladimir,Schmitz,vladimir.schmitz@hanaites.com,member57.png,53.4833,11.6833
366,Cristina,Patel,cristina.patel@hanaites.com,member57.png,48.2242,6.0483
367,Marina,Zhao,marina.zhao@hanaites.com,member57.png,53.4833,11.0333
368,Francesca,Wilson,francesca.wilson@hanaites.com,member57.png,40.5442,-77.3103
369,Hiroshi,Ghosh,hiroshi.ghosh@hanaites.com,member57.png,49.4167,2.5772
370,Hiroshi,Sakamo,hiroshi.sakamo@hanaites.com,member57.png,36.5534,-89.8179
371,Roberta,Ghosh,roberta.ghosh@hanaites.com,member57.png,47.6667,11.05
372,Veena,Sato,veena.sato@hanaites.com,member57.png,49.2409,-0.063
373,Aneesha,Rossi,aneesha.rossi@hanaites.com,member57.png,53.1202,6.0843
374,Julie,Smith,julie.smith@hanaites.com,member57.png,35.6443,-82.3029
375,Kenji,Stone,kenji.stone@hanaites.com,member57.png,50.15,-115.8333
376,Elena,Liu,elena.liu@hanaites.com,member57.png,49.4693,0.5279
377,Laurent,Abe,laurent.abe@hanaites.com,member57.png,50.8833,1.7167
378,Ravi,Bosch,ravi.bosch@hanaites.com,member57.png,49.3848,-1.3437
379,Oleg,Pandey,oleg.pandey@hanaites.com,member57.png,45.6601,6.3498
380,Oleg,Zhukov,oleg.zhukov@hanaites.com,member57.png,40.4543,-75.66
381,Carmen,Gomez,carmen.gomez@hanaites.com,member57.png,43.1533,-88.6012
382,Karan,Ferrari,karan.ferrari@hanaites.com,member57.png,45.3515,1.637
383,Vladimir,Zhao,vladimir.zhao@hanaites.com,member57.png,47.3862,-93.3964
384,Ravi,Komarov,ravi.komarov@hanaites.com,member57.png,54.2764,-9.0383
385,Cristina,Becker,cristina.becker@hanaites.com,member57.png,51.2833,0.1333
386,Nandita,Dubois,nandita.dubois@hanaites.com,member57.png,50.45,11.2167
387,Alessandra,Zhao,alessandra.zhao@hanaites.com,member57.png,50.5319,2.6178
388,Stefan,Smith,stefan.smith@hanaites.com,member57.png,51.1667,0.5
389,Richard,Crutchlow,richard.crutchlow@hanaites.com,member57.png,44.2281,5.1984
390,Marco,Ricci,marco.ricci@hanaites.com,member57.png,48.923,6.6418
391,Yoko,Fernandez,yoko.fernandez@hanaites.com,member57.png,47.4235,-120.3103
392,Isabelle,Volkova,isabelle.volkova@hanaites.com,member57.png,43.0872,2.9583
393,Lee,Miller,lee.miller@hanaites.com,member57.png,41.6734,-74.3854
394,Sabine,Romanov,sabine.romanov@hanaites.com,member57.png,12.95,80.1333
395,Carmen,Sokolova,carmen.sokolova@hanaites.com,member57.png,45.4886,5.6481
396,Karan,Suzuki,karan.suzuki@hanaites.com,member57.png,49.1434,-1.3697
397,Antonio,Leclerq,antonio.leclerq@hanaites.com,member57.png,50.8,-1.7833
398,Isabelle,Sheene,isabelle.sheene@hanaites.com,member57.png,47.1833,-1.6167
399,Mikhail,Ghosh,mikhail.ghosh@hanaites.com,member57.png,38.5072,-98.3965
400,Richard,Sato,richard.sato@hanaites.com,member57.png,44.6565,1.3956
401,Veena,Fernandez,veena.fernandez@hanaites.com,member57.png,48.85,8.5333
402,Marina,Sokolova,marina.sokolova@hanaites.com,member57.png,43.3667,-0.2
403,Carmen,Adams,carmen.adams@hanaites.com,member57.png,43.4167,-0.15
404,Sabine,Semenov,sabine.semenov@hanaites.com,member57.png,47.55,3.1667
405,Katrin,Crutchlow,katrin.crutchlow@hanaites.com,member57.png,38.4167,141.3
406,Ravi,Bowler,ravi.bowler@hanaites.com,member57.png,41.6702,-84.4569
407,Michaela,Schmidt,michaela.schmidt@hanaites.com,member57.png,48.85,9.75
408,Elena,Dupont,elena.dupont@hanaites.com,member57.png,52.9493,6.6593
409,Sabine,Romanov,sabine.romanov@hanaites.com,member57.png,12.95,80.1333
410,Yoko,Singh,yoko.singh@hanaites.com,member57.png,37.6715,-82.0257
411,Teresa,Scranney,teresa.scranney@hanaites.com,member57.png,44.7913,0.2313
412,Jenny,Suzuki,jenny.suzuki@hanaites.com,member57.png,40.2795,-76.4383
413,Jose,Zhukov,jose.zhukov@hanaites.com,member57.png,38.7618,-91.6002
414,Gerd,Sokolova,gerd.sokolova@hanaites.com,member57.png,41.2476,-90.89
415,Ravi,Gomez,ravi.gomez@hanaites.com,member57.png,43.0176,0.4904
416,Marina,Komarov,marina.komarov@hanaites.com,member57.png,50.1043,1.9768
417,Michaela,Liu,michaela.liu@hanaites.com,member57.png,44.8183,1.0167
418,Alain,Bowler,alain.bowler@hanaites.com,member57.png,56.9167,-5.8333
419,Miguel,Mishra,miguel.mishra@hanaites.com,member57.png,37.6671,-81.2426
420,Xiaoming,Adams,xiaoming.adams@hanaites.com,member57.png,52.35,9.2833
421,Giovanni,Petrova,giovanni.petrova@hanaites.com,member57.png,51.2333,1.1167
422,Michael,Semenov,michael.semenov@hanaites.com,member57.png,54.3333,-6.8333
423,Kenji,Liu,kenji.liu@hanaites.com,member57.png,46.9667,0.65
424,Lee,Miller,lee.miller@hanaites.com,member57.png,41.6734,-74.3854
425,Carmen,Volkova,carmen.volkova@hanaites.com,member57.png,50.4833,7.95
426,Laurent,Fernandez,laurent.fernandez@hanaites.com,member57.png,35.1667,139.65
427,Carmen,Ricci,carmen.ricci@hanaites.com,member57.png,54.7833,-1.7
428,Donna,Romanov,donna.romanov@hanaites.com,member57.png,50.6,6.6167
429,Hiroshi,Zhou,hiroshi.zhou@hanaites.com,member57.png,45.0282,2.5818
430,Veena,Leclerq,veena.leclerq@hanaites.com,member57.png,34.359,-90.2743
431,Alessandra,Schmidt,alessandra.schmidt@hanaites.com,member57.png,53.8,-1.95
432,Yoko,Singh,yoko.singh@hanaites.com,member57.png,37.6715,-82.0257
433,Kathy,Abe,kathy.abe@hanaites.com,member57.png,53.6333,-1.85
434,Elena,Esposito,elena.esposito@hanaites.com,member57.png,43.8941,-69.5633
435,Rahul,Rossi,rahul.rossi@hanaites.com,member57.png,49.2439,1.8468
436,Donna,Miller,donna.miller@hanaites.com,member57.png,55.05,-6.0667
437,Hiroshi,Zhou,hiroshi.zhou@hanaites.com,member57.png,45.0282,2.5818
438,Richard,Sato,richard.sato@hanaites.com,member57.png,44.6565,1.3956
439,Michel,Agarwal,michel.agarwal@hanaites.com,member57.png,48.35,11.4167
440,Monique,Stone,monique.stone@hanaites.com,member57.png,49.2404,1.7378
441,Michaela,Mishra,michaela.mishra@hanaites.com,member57.png,52.3833,14.3667
442,Elena,Armstrong,elena.armstrong@hanaites.com,member57.png,50.9,10.3
443,Isabelle,Ruiz,isabelle.ruiz@hanaites.com,member57.png,52.3633,6.0144
444,Jose,Akiyama,jose.akiyama@hanaites.com,member57.png,45.4,-71.9
445,Hiroshi,Perrin,hiroshi.perrin@hanaites.com,member57.png,53.05,-1.1833
446,Monique,Dubois,monique.dubois@hanaites.com,member57.png,50.5024,2.6389
447,Svetlana,Dubois,svetlana.dubois@hanaites.com,member57.png,40.1221,-75.2166
448,Xiaoli,Schmitz,xiaoli.schmitz@hanaites.com,member57.png,53.9833,12.1
449,Monique,Ghosh,monique.ghosh@hanaites.com,member57.png,46.6546,7.7755
450,Marco,Bosch,marco.bosch@hanaites.com,member57.png,49.3054,1.2435
451,John,Toseland,john.toseland@hanaites.com,member57.png,46.9572,5.3746
452,Thomas,Gomez,thomas.gomez@hanaites.com,member57.png,53.2167,0.2
453,Monique,Ghosh,monique.ghosh@hanaites.com,member57.png,46.6546,7.7755
454,Marina,Zhao,marina.zhao@hanaites.com,member57.png,53.4833,11.0333
455,Oleg,Ghosh,oleg.ghosh@hanaites.com,member57.png,48.0833,-3.4167
456,Isabelle,Volkova,isabelle.volkova@hanaites.com,member57.png,43.0872,2.9583
457,Michael,Singh,michael.singh@hanaites.com,member57.png,45.0217,0.5401
458,Xiaoming,Petrova,xiaoming.petrova@hanaites.com,member57.png,52.4167,14.2167
459,Elena,Armstrong,elena.armstrong@hanaites.com,member57.png,50.9,10.3
460,Rahul,Romanov,rahul.romanov@hanaites.com,member57.png,50.8167,7.5333
461,Xiaoming,Dupont,xiaoming.dupont@hanaites.com,member57.png,52.2333,-0.9833
462,John,Sato,john.sato@hanaites.com,member57.png,48.5498,7.4027
463,Veena,Ruiz,veena.ruiz@hanaites.com,member57.png,53.2,10.5833
464,Miguel,Volkova,miguel.volkova@hanaites.com,member57.png,47.6167,8.3
465,Elena,Kawashima,elena.kawashima@hanaites.com,member57.png,43.112,2.2927
466,Gerd,Dubois,gerd.dubois@hanaites.com,member57.png,31.7749,-88.2801
467,Michel,Schmidt,michel.schmidt@hanaites.com,member57.png,48.5538,2.2167
468,Barry,Sheene,barry.sheene@hanaites.com,member57.png,46.0069,3.2315
469,Kathy,Dupont,kathy.dupont@hanaites.com,member57.png,52.7025,-7.7156
470,John,Volkova,john.volkova@hanaites.com,member57.png,50.6167,8.75
471,Miguel,Schmitz,miguel.schmitz@hanaites.com,member57.png,43.1454,-72.5069
472,Oleg,Sato,oleg.sato@hanaites.com,member57.png,51.5167,7.4167
473,Oleg,Vega,oleg.vega@hanaites.com,member57.png,36.8513,-85.5541
474,Sabine,Crutchlow,sabine.crutchlow@hanaites.com,member57.png,53.4667,-0.9833
475,Marina,Patel,marina.patel@hanaites.com,member57.png,27.0972,-80.5329
476,Monique,Zhukov,monique.zhukov@hanaites.com,member57.png,52.3,10.4
477,Jose,Akiyama,jose.akiyama@hanaites.com,member57.png,45.4,-71.9
478,Vladimir,Singh,vladimir.singh@hanaites.com,member57.png,48.0333,8.6
479,Jenny,Patel,jenny.patel@hanaites.com,member57.png,44.8556,3.0998
480,Mikhail,Perrin,mikhail.perrin@hanaites.com,member57.png,51.7931,4.2783
481,Nandita,Liu,nandita.liu@hanaites.com,member57.png,53.6333,11.5833
482,Jenny,Becker,jenny.becker@hanaites.com,member57.png,47.8293,-1.3191
483,Giovanni,Zhukov,giovanni.zhukov@hanaites.com,member57.png,52.8667,12.25
484,Jose,Roberts,jose.roberts@hanaites.com,member57.png,48.9609,0.2023
485,Rahul,Toseland,rahul.toseland@hanaites.com,member57.png,53.3272,6.5301
486,Katrin,Bertolini,katrin.bertolini@hanaites.com,member57.png,50.5,12.0333
487,Xiaoming,Zhukov,xiaoming.zhukov@hanaites.com,member57.png,48.1148,1.4437
488,Carmen,Rodriguez,carmen.rodriguez@hanaites.com,member57.png,54.3833,-5.4667
489,Marina,Zhao,marina.zhao@hanaites.com,member57.png,53.4833,11.0333
490,Elena,Ma,elena.ma@hanaites.com,member57.png,53.7167,-1.9333
491,Karan,Petrova,karan.petrova@hanaites.com,member57.png,51.1167,13.7
492,Oleg,Gomez,oleg.gomez@hanaites.com,member57.png,53.7833,-2.4833
493,Jose,Li,jose.li@hanaites.com,member57.png,30.3991,-93.9088
494,Sabine,Romanov,sabine.romanov@hanaites.com,member57.png,12.95,80.1333
495,Michel,Akiyama,michel.akiyama@hanaites.com,member57.png,47.2569,1.3996
496,Takahiro,Leclerq,takahiro.leclerq@hanaites.com,member57.png,52.3833,-0.1833
497,Oleg,Suzuki,oleg.suzuki@hanaites.com,member57.png,48.0822,6.9294
498,Thomas,Petrova,thomas.petrova@hanaites.com,member57.png,48.6442,5.512
499,Gerd,Toseland,gerd.toseland@hanaites.com,member57.png,34.5335,-92.9741
500,Teresa,Kawashima,teresa.kawashima@hanaites.com,member57.png,53.3667,-0.4333
501,Veena,Bertolini,veena.bertolini@hanaites.com,member57.png,53.2667,-2.5333
502,Rahul,Smith,rahul.smith@hanaites.com,member57.png,51.7556,-4.9967
503,Jenny,Suzuki,jenny.suzuki@hanaites.com,member57.png,40.2795,-76.4383
504,Isabelle,Volkova,isabelle.volkova@hanaites.com,member57.png,43.0872,2.9583
505,Stefan,Ishida,stefan.ishida@hanaites.com,member57.png,37.3485,-80.6816
506,Roberta,Li,roberta.li@hanaites.com,member57.png,40.0616,-84.0833
507,Alain,Schneider,alain.schneider@hanaites.com,member57.png,51.6714,-4.1011
508,Carmen,Singh,carmen.singh@hanaites.com,member57.png,43.3765,5.3459
509,Kathy,Ferrari,kathy.ferrari@hanaites.com,member57.png,18.0167,75.2
510,Nathalie,Toseland,nathalie.toseland@hanaites.com,member57.png,48.9167,12.8667
511,Alessandra,Moore,alessandra.moore@hanaites.com,member57.png,48.8646,5.1333
512,Cristina,Wang,cristina.wang@hanaites.com,member57.png,31.7163,-93.3345
513,Svetlana,Miller,svetlana.miller@hanaites.com,member57.png,47.9528,2.7886
514,Aiko,Vega,aiko.vega@hanaites.com,member57.png,54.0667,-1.8333
515,Denise,Li,denise.li@hanaites.com,member57.png,51.0333,14.2
516,Cristina,Li,cristina.li@hanaites.com,member57.png,43.3667,-0.15
517,Teresa,Moore,teresa.moore@hanaites.com,member57.png,45.5944,-87.9317
518,Lee,Ishida,lee.ishida@hanaites.com,member57.png,53.9333,-1.1833
519,John,Ishida,john.ishida@hanaites.com,member57.png,39.4833,140.2
520,Elena,Liu,elena.liu@hanaites.com,member57.png,49.4693,0.5279
521,Yoko,Singh,yoko.singh@hanaites.com,member57.png,37.6715,-82.0257
522,Mikhail,Chevalier,mikhail.chevalier@hanaites.com,member57.png,39.1687,-81.8465
523,Katrin,Gomez,katrin.gomez@hanaites.com,member57.png,48.0736,0.8351
524,Francesca,Roberts,francesca.roberts@hanaites.com,member57.png,44.3833,-72.7047
525,Carmen,Sheene,carmen.sheene@hanaites.com,member57.png,41.4249,-80.6361
526,Mikhail,Perrin,mikhail.perrin@hanaites.com,member57.png,51.7931,4.2783
527,Carmen,Semenov,carmen.semenov@hanaites.com,member57.png,55.9667,-3.5
528,Veena,Stone,veena.stone@hanaites.com,member57.png,47.7283,2.3026
529,Mikhail,Wilson,mikhail.wilson@hanaites.com,member57.png,39.1356,-94.133
530,Michael,Komarov,michael.komarov@hanaites.com,member57.png,47.6712,6.9339
531,John,Mayer,john.mayer@hanaites.com,member57.png,35.5,139.7167
532,Jenny,Kawashima,jenny.kawashima@hanaites.com,member57.png,51.7667,9.3833
533,Karan,Mishra,karan.mishra@hanaites.com,member57.png,43.118,-79.8134
534,Yoko,Mishra,yoko.mishra@hanaites.com,member57.png,49.15,10.9667
535,Nathalie,Rossi,nathalie.rossi@hanaites.com,member57.png,50.9667,6.9
536,Takahiro,Leclerq,takahiro.leclerq@hanaites.com,member57.png,52.3833,-0.1833
537,Michel,Sokolova,michel.sokolova@hanaites.com,member57.png,49.1333,7.8333
538,Rahul,Rossi,rahul.rossi@hanaites.com,member57.png,49.2439,1.8468
539,Vladimir,Sheene,vladimir.sheene@hanaites.com,member57.png,44.029,-87.9115
540,Giovanni,Bertolini,giovanni.bertolini@hanaites.com,member57.png,45.7401,0.9837
541,Svetlana,Sokolova,svetlana.sokolova@hanaites.com,member57.png,38.6045,-89.2912
542,Veena,Leclerq,veena.leclerq@hanaites.com,member57.png,34.359,-90.2743
543,Marina,Toseland,marina.toseland@hanaites.com,member57.png,50.8415,7.2167
544,Miguel,Ghosh,miguel.ghosh@hanaites.com,member57.png,49.6024,2.801
545,Yoko,Ferrari,yoko.ferrari@hanaites.com,member57.png,45.7333,-81.8
546,Katrin,Petrova,katrin.petrova@hanaites.com,member57.png,48.0833,9.4
547,Michael,Ferrari,michael.ferrari@hanaites.com,member57.png,49.35,8.4167
548,Nathalie,Rossi,nathalie.rossi@hanaites.com,member57.png,50.9667,6.9
549,John,Ricci,john.ricci@hanaites.com,member57.png,43.9313,-100.9549
550,Elena,Ma,elena.ma@hanaites.com,member57.png,53.7167,-1.9333
551,Alessandra,Schmidt,alessandra.schmidt@hanaites.com,member57.png,53.8,-1.95
552,Takahiro,Leclerq,takahiro.leclerq@hanaites.com,member57.png,52.3833,-0.1833
553,Yoko,Fernandez,yoko.fernandez@hanaites.com,member57.png,47.4235,-120.3103
554,Thomas,Stone,thomas.stone@hanaites.com,member57.png,51.8167,0.3333
555,Xiaoli,Ma,xiaoli.ma@hanaites.com,member57.png,54.3833,-5.55
556,Karan,Mishra,karan.mishra@hanaites.com,member57.png,43.118,-79.8134
557,Elena,Komarov,elena.komarov@hanaites.com,member57.png,48.2439,5.4167
558,Lee,Komarov,lee.komarov@hanaites.com,member57.png,54.0667,13.9
559,Jose,Akiyama,jose.akiyama@hanaites.com,member57.png,45.4,-71.9
560,Thomas,Chevalier,thomas.chevalier@hanaites.com,member57.png,48.8238,9.2833
561,Julie,Bertolini,julie.bertolini@hanaites.com,member57.png,48.6897,2.5167
562,Laurent,Komarov,laurent.komarov@hanaites.com,member57.png,51.0833,6.2167
563,Svetlana,Wang,svetlana.wang@hanaites.com,member57.png,53.6667,-7.3
564,Rahul,Toseland,rahul.toseland@hanaites.com,member57.png,53.3272,6.5301
565,Kathy,Komarov,kathy.komarov@hanaites.com,member57.png,52.9197,6.4183
566,Teresa,Moore,teresa.moore@hanaites.com,member57.png,45.5944,-87.9317
567,Jose,Gomez,jose.gomez@hanaites.com,member57.png,49.4005,0.1283
568,Mikhail,Legrand,mikhail.legrand@hanaites.com,member57.png,45.5667,3.8833
569,Isabelle,Smith,isabelle.smith@hanaites.com,member57.png,48.046,2.4024
570,Svetlana,Ferrari,svetlana.ferrari@hanaites.com,member57.png,54.3167,-3.2333
571,Vladimir,Sheene,vladimir.sheene@hanaites.com,member57.png,44.029,-87.9115
572,Yoko,Petrova,yoko.petrova@hanaites.com,member57.png,45.2676,3.4871
573,Marco,Chevalier,marco.chevalier@hanaites.com,member57.png,15.5833,73.8167
574,Marco,Semenov,marco.semenov@hanaites.com,member57.png,54.1167,-1.35
575,Jenny,Bertolini,jenny.bertolini@hanaites.com,member57.png,38.8263,-102.86
576,Isabelle,Zhou,isabelle.zhou@hanaites.com,member57.png,45.1973,4.0311
577,Nandita,Sakamo,nandita.sakamo@hanaites.com,member57.png,47.8667,9.7167
578,Michael,Ferrari,michael.ferrari@hanaites.com,member57.png,49.35,8.4167
579,Nathalie,Crutchlow,nathalie.crutchlow@hanaites.com,member57.png,47.8058,6.9333
580,Nandita,Vega,nandita.vega@hanaites.com,member57.png,54.8237,-7.4667
581,Ravi,Komarov,ravi.komarov@hanaites.com,member57.png,54.2764,-9.0383
582,Jenny,King,jenny.king@hanaites.com,member57.png,49.2667,11.2167
583,Carmen,Akiyama,carmen.akiyama@hanaites.com,member57.png,44.9845,1.6372
584,Sabine,Sokolova,sabine.sokolova@hanaites.com,member57.png,44.2629,0.4226
585,Marco,Bosch,marco.bosch@hanaites.com,member57.png,49.3054,1.2435
586,Kenji,Mayer,kenji.mayer@hanaites.com,member57.png,43.927,-91.7424
587,Antonio,Bauer,antonio.bauer@hanaites.com,member57.png,53.9833,12.4
588,Sabine,Sokolova,sabine.sokolova@hanaites.com,member57.png,44.2629,0.4226
589,Oleg,Ghosh,oleg.ghosh@hanaites.com,member57.png,48.0833,-3.4167
590,Cristina,Dupont,cristina.dupont@hanaites.com,member57.png,48.4927,-1.2946
591,Donna,Leclerq,donna.leclerq@hanaites.com,member57.png,56,-3.4
592,Michaela,Singh,michaela.singh@hanaites.com,member57.png,53.2949,5.8785
593,Nathalie,Singh,nathalie.singh@hanaites.com,member57.png,54.05,-2.2667
594,Marco,Semenov,marco.semenov@hanaites.com,member57.png,54.1167,-1.35
595,Carmen,Akiyama,carmen.akiyama@hanaites.com,member57.png,44.9845,1.6372
596,Oleg,Bertolini,oleg.bertolini@hanaites.com,member57.png,54.9806,-1.4508
597,Francesca,Schmitz,francesca.schmitz@hanaites.com,member57.png,43.6687,-75.2376
598,Cristina,Bertolini,cristina.bertolini@hanaites.com,member57.png,50.0833,7.8167
599,Michaela,Schmitz,michaela.schmitz@hanaites.com,member57.png,51.3833,6.95
600,Michel,Schneider,michel.schneider@hanaites.com,member57.png,48.5166,4.2353
601,John,Liu,john.liu@hanaites.com,member57.png,43.2418,-70.74
602,Elena,Leclerq,elena.leclerq@hanaites.com,member57.png,48.1,11.3333
603,Giovanni,Rodriguez,giovanni.rodriguez@hanaites.com,member57.png,53.0167,8.8
604,Gerd,Sokolova,gerd.sokolova@hanaites.com,member57.png,41.2476,-90.89
605,Giovanni,Volkova,giovanni.volkova@hanaites.com,member57.png,47.2611,0.4055
606,Xiaoli,Perrin,xiaoli.perrin@hanaites.com,member57.png,51.6936,-4.7081
607,Lee,Schmidt,lee.schmidt@hanaites.com,member57.png,42.25,9.1805
608,Isabelle,Volkova,isabelle.volkova@hanaites.com,member57.png,43.0872,2.9583
609,Ravi,Mishra,ravi.mishra@hanaites.com,member57.png,34.1667,77.5833
610,Takahiro,Leclerq,takahiro.leclerq@hanaites.com,member57.png,52.3833,-0.1833
611,Michael,Komarov,michael.komarov@hanaites.com,member57.png,47.6712,6.9339
612,Laurent,Volkova,laurent.volkova@hanaites.com,member57.png,49.2355,0.3836
613,Veena,Ishida,veena.ishida@hanaites.com,member57.png,49.4855,0.4577
614,Francesca,Schmitz,francesca.schmitz@hanaites.com,member57.png,43.6687,-75.2376
615,Teresa,Bertolini,teresa.bertolini@hanaites.com,member57.png,49.85,9.9167
616,Veena,Semenov,veena.semenov@hanaites.com,member57.png,52.7519,5.0751
617,Isabelle,Zhou,isabelle.zhou@hanaites.com,member57.png,45.1973,4.0311
618,Teresa,Zhao,teresa.zhao@hanaites.com,member57.png,48.1181,-123.2519
619,Takahiro,Leclerq,takahiro.leclerq@hanaites.com,member57.png,52.3833,-0.1833
620,Lee,Sheene,lee.sheene@hanaites.com,member57.png,50.7167,11.65
621,Mikhail,Akiyama,mikhail.akiyama@hanaites.com,member57.png,42.8167,0.35
622,Kenji,Dubois,kenji.dubois@hanaites.com,member57.png,51.3333,8.0076
623,Karan,Roberts,karan.roberts@hanaites.com,member57.png,49.6667,8.7167
624,Lee,Toseland,lee.toseland@hanaites.com,member57.png,52.4,10.1833
625,Svetlana,Sokolova,svetlana.sokolova@hanaites.com,member57.png,38.6045,-89.2912
626,Michel,Ricci,michel.ricci@hanaites.com,member57.png,49.1848,6.4963
627,Karan,Petrova,karan.petrova@hanaites.com,member57.png,51.1167,13.7
628,Nathalie,Roberts,nathalie.roberts@hanaites.com,member57.png,46.9101,5.0312
629,John,Armstrong,john.armstrong@hanaites.com,member57.png,42.3723,-77.3658
630,Mikhail,Semenov,mikhail.semenov@hanaites.com,member57.png,44.7167,-63.2333
631,Roberta,Smith,roberta.smith@hanaites.com,member57.png,48.0075,-1.4768
632,Michaela,Schmitz,michaela.schmitz@hanaites.com,member57.png,51.3833,6.95
633,Jenny,Becker,jenny.becker@hanaites.com,member57.png,47.8293,-1.3191
634,John,Lopez,john.lopez@hanaites.com,member57.png,43.7533,-1.3278
635,Elena,Esposito,elena.esposito@hanaites.com,member57.png,43.8941,-69.5633
636,John,Moore,john.moore@hanaites.com,member57.png,40.5801,-78.607
637,Vladimir,Ghosh,vladimir.ghosh@hanaites.com,member57.png,48.7404,0.388
638,Carmen,Akiyama,carmen.akiyama@hanaites.com,member57.png,44.9845,1.6372
639,Jamie,Honda,jamie.honda@hanaites.com,member57.png,35.0667,133.75
640,Michel,Akiyama,michel.akiyama@hanaites.com,member57.png,47.2569,1.3996
641,Jenny,King,jenny.king@hanaites.com,member57.png,49.2667,11.2167
642,Roberta,Smith,roberta.smith@hanaites.com,member57.png,48.0075,-1.4768
643,Nathalie,Agarwal,nathalie.agarwal@hanaites.com,member57.png,51.35,1.1
644,Laurent,Zhou,laurent.zhou@hanaites.com,member57.png,29.1308,-95.7916
645,Takahiro,Singh,takahiro.singh@hanaites.com,member57.png,49.4717,0.9027
646,Michel,Armstrong,michel.armstrong@hanaites.com,member57.png,45.2846,3.5951
647,Vladimir,Singh,vladimir.singh@hanaites.com,member57.png,48.0333,8.6
648,John,Dupont,john.dupont@hanaites.com,member57.png,68.0987,-145.5793
649,Michel,Bowler,michel.bowler@hanaites.com,member57.png,48.6333,-3.8167
650,Alessandra,Becker,alessandra.becker@hanaites.com,member57.png,45.384,-122.7579
651,Yoko,Patel,yoko.patel@hanaites.com,member57.png,50.0833,10.0333
652,Antonio,Mayer,antonio.mayer@hanaites.com,member57.png,49.335,1.8204
653,Elena,Dubois,elena.dubois@hanaites.com,member57.png,52.1167,8.95
654,Michael,Wilson,michael.wilson@hanaites.com,member57.png,48.6426,2.5078
655,Monique,Bowler,monique.bowler@hanaites.com,member57.png,49.5011,4.342
656,Marco,Chevalier,marco.chevalier@hanaites.com,member57.png,15.5833,73.8167
657,Xiaoming,Crutchlow,xiaoming.crutchlow@hanaites.com,member57.png,52.55,7.9667
658,Giovanni,Stone,giovanni.stone@hanaites.com,member57.png,50.1056,1.5262
659,Billy,Currie,billy.currie@hanaites.com,member57.png,48.6167,13.0167
660,Oleg,Dupont,oleg.dupont@hanaites.com,member57.png,51.8,12.0333
661,Alessandra,Semenov,alessandra.semenov@hanaites.com,member57.png,50.0667,9.0833
662,Antonio,Pandey,antonio.pandey@hanaites.com,member57.png,47.7833,7.8333
663,Michaela,Schmitz,michaela.schmitz@hanaites.com,member57.png,51.3833,6.95
664,Nandita,Sato,nandita.sato@hanaites.com,member57.png,46.2833,7.4667
665,Alain,Bowler,alain.bowler@hanaites.com,member57.png,56.9167,-5.8333
666,Xiaoli,Bosch,xiaoli.bosch@hanaites.com,member57.png,46.0767,4.6306
667,Oleg,Gomez,oleg.gomez@hanaites.com,member57.png,53.7833,-2.4833
668,Jenny,Patel,jenny.patel@hanaites.com,member57.png,44.8556,3.0998
669,Giovanni,Roberts,giovanni.roberts@hanaites.com,member57.png,46.7173,6.9948
670,Michaela,Schmidt,michaela.schmidt@hanaites.com,member57.png,48.85,9.75
671,Jenny,Bauer,jenny.bauer@hanaites.com,member57.png,50.7667,13.7833
672,Stefan,Dubois,stefan.dubois@hanaites.com,member57.png,36.5637,-92.7334
673,Michael,Toseland,michael.toseland@hanaites.com,member57.png,34.5,135.85
674,Michael,Gomez,michael.gomez@hanaites.com,member57.png,50.3333,3.3
675,Richard,Bertolini,richard.bertolini@hanaites.com,member57.png,49.736,4.6341
676,Xiaoming,Zhukov,xiaoming.zhukov@hanaites.com,member57.png,48.1148,1.4437
677,Teresa,Moore,teresa.moore@hanaites.com,member57.png,45.5944,-87.9317
678,Elena,Kawashima,elena.kawashima@hanaites.com,member57.png,43.112,2.2927
679,Ravi,Wang,ravi.wang@hanaites.com,member57.png,22.35,114.0667
680,Alessandra,Becker,alessandra.becker@hanaites.com,member57.png,45.384,-122.7579
681,Carmen,Akiyama,carmen.akiyama@hanaites.com,member57.png,44.9845,1.6372
682,Oleg,Gomez,oleg.gomez@hanaites.com,member57.png,53.7833,-2.4833
683,Lee,Miller,lee.miller@hanaites.com,member57.png,41.6734,-74.3854
684,Oleg,Suzuki,oleg.suzuki@hanaites.com,member57.png,48.0822,6.9294
685,Nandita,Adams,nandita.adams@hanaites.com,member57.png,36.4677,-88.6625
686,Sabine,Schmitz,sabine.schmitz@hanaites.com,member57.png,53.5167,11.1333
687,Nandita,Pandey,nandita.pandey@hanaites.com,member57.png,40.7716,-72.9407
688,Jamie,Honda,jamie.honda@hanaites.com,member57.png,35.0667,133.75
689,Tomoko,Vega,tomoko.vega@hanaites.com,member57.png,50.75,8.7333
690,Michel,Ferrari,michel.ferrari@hanaites.com,member57.png,53.7833,11.0833
691,Takahiro,Bertolini,takahiro.bertolini@hanaites.com,member57.png,47.2932,5.0046
692,Jose,Agarwal,jose.agarwal@hanaites.com,member57.png,47.9167,10.9333
693,Karan,Gomez,karan.gomez@hanaites.com,member57.png,47.7167,9.1
694,Francesca,Roberts,francesca.roberts@hanaites.com,member57.png,44.3833,-72.7047
695,Oleg,Volkova,oleg.volkova@hanaites.com,member57.png,37.55,139.1
696,Mikhail,Kawashima,mikhail.kawashima@hanaites.com,member57.png,49.9122,9.1369
697,Tomoko,Bertolini,tomoko.bertolini@hanaites.com,member57.png,52.2333,0.9167
698,Oleg,Bertolini,oleg.bertolini@hanaites.com,member57.png,54.9806,-1.4508
699,Stefan,Ishida,stefan.ishida@hanaites.com,member57.png,37.3485,-80.6816
700,Aiko,Bertolini,aiko.bertolini@hanaites.com,member57.png,51.3833,12.6833
701,Nandita,Semenov,nandita.semenov@hanaites.com,member57.png,51.4189,5.7132
702,Matthew,Ricci,matthew.ricci@hanaites.com,member57.png,31.3968,-97.1748
703,Oleg,Bertolini,oleg.bertolini@hanaites.com,member57.png,54.9806,-1.4508
704,Alessandra,Schmidt,alessandra.schmidt@hanaites.com,member57.png,53.8,-1.95
705,Francesca,Schmitz,francesca.schmitz@hanaites.com,member57.png,43.6687,-75.2376
706,Tomoko,Moore,tomoko.moore@hanaites.com,member57.png,51.2167,-1.65
707,Takahiro,Bertolini,takahiro.bertolini@hanaites.com,member57.png,47.2932,5.0046
708,Gerd,Sokolova,gerd.sokolova@hanaites.com,member57.png,41.2476,-90.89
709,Kenji,Miller,kenji.miller@hanaites.com,member57.png,51.3,14.75
710,Francisco,Dubois,francisco.dubois@hanaites.com,member57.png,49.2299,2.2464
711,Vladimir,Sheene,vladimir.sheene@hanaites.com,member57.png,44.029,-87.9115
712,Francesca,Moore,francesca.moore@hanaites.com,member57.png,51.4,12.2167
713,Giovanni,Adams,giovanni.adams@hanaites.com,member57.png,54.8481,-8.3164
714,Marina,Zhao,marina.zhao@hanaites.com,member57.png,53.4833,11.0333
715,Veena,Bertolini,veena.bertolini@hanaites.com,member57.png,53.2667,-2.5333
716,Francesca,Miller,francesca.miller@hanaites.com,member57.png,51.1167,13.2667
717,Richard,Bosch,richard.bosch@hanaites.com,member57.png,54.1431,-112.1511
718,Aiko,Wang,aiko.wang@hanaites.com,member57.png,49.43,9.2906
719,Svetlana,Zhou,svetlana.zhou@hanaites.com,member57.png,54.5167,-6.2667
720,Richard,Bosch,richard.bosch@hanaites.com,member57.png,54.1431,-112.1511
721,Monique,Gomez,monique.gomez@hanaites.com,member57.png,37.9573,-81.2273
722,Donna,Pandey,donna.pandey@hanaites.com,member57.png,43.9667,3.4398
723,Nandita,Volkova,nandita.volkova@hanaites.com,member57.png,48.65,10.4333
724,Karan,Esposito,karan.esposito@hanaites.com,member57.png,53.3094,-7.0236
725,Francesca,Liu,francesca.liu@hanaites.com,member57.png,51.2461,-2.7394
726,Katrin,Sokolova,katrin.sokolova@hanaites.com,member57.png,44.3957,-68.0372
727,Jose,Roberts,jose.roberts@hanaites.com,member57.png,48.9609,0.2023
728,Mikhail,Komarov,mikhail.komarov@hanaites.com,member57.png,50.85,8.4167
729,Gerd,Rossi,gerd.rossi@hanaites.com,member57.png,51.5167,6.1333
730,Mikhail,Legrand,mikhail.legrand@hanaites.com,member57.png,45.5667,3.8833
731,Lee,Sato,lee.sato@hanaites.com,member57.png,31.1943,-102.0877
732,Mikhail,Wilson,mikhail.wilson@hanaites.com,member57.png,39.1356,-94.133
733,Donna,Romanov,donna.romanov@hanaites.com,member57.png,50.6,6.6167
734,Laurent,Toseland,laurent.toseland@hanaites.com,member57.png,35.6,140.4167
735,Michel,Sato,michel.sato@hanaites.com,member57.png,43.8967,2.3318
736,Francisco,Zhukov,francisco.zhukov@hanaites.com,member57.png,52.05,-8.95
737,Kenji,Miller,kenji.miller@hanaites.com,member57.png,51.3,14.75
738,John,Singh,john.singh@hanaites.com,member57.png,46.1677,-72.324
739,Lee,Komarov,lee.komarov@hanaites.com,member57.png,54.0667,13.9
740,Kenji,Chevalier,kenji.chevalier@hanaites.com,member57.png,49.3809,1.0311
741,Hiroshi,Gomez,hiroshi.gomez@hanaites.com,member57.png,43.1005,-77.426
742,Antonio,Bosch,antonio.bosch@hanaites.com,member57.png,44.6955,-84.0896
743,Cristina,Becker,cristina.becker@hanaites.com,member57.png,51.2833,0.1333
744,Alain,Bertolini,alain.bertolini@hanaites.com,member57.png,48.0967,4.388
745,Thomas,Armstrong,thomas.armstrong@hanaites.com,member57.png,52.2167,11.4167
746,Donna,Sheene,donna.sheene@hanaites.com,member57.png,50.5163,2.5346
747,Lee,Fernandez,lee.fernandez@hanaites.com,member57.png,49.3236,4.0026
748,Mikhail,Kawashima,mikhail.kawashima@hanaites.com,member57.png,49.9122,9.1369
749,Thomas,Li,thomas.li@hanaites.com,member57.png,49.2505,3.9102
750,Nandita,Semenov,nandita.semenov@hanaites.com,member57.png,51.4189,5.7132
751,Giovanni,Bauer,giovanni.bauer@hanaites.com,member57.png,48.8273,2.1715
752,Laurent,Komarov,laurent.komarov@hanaites.com,member57.png,51.0833,6.2167
753,Elena,Dupont,elena.dupont@hanaites.com,member57.png,52.9493,6.6593
754,Kenji,Lopez,kenji.lopez@hanaites.com,member57.png,37.9019,-78.9043
755,Takahiro,Bosch,takahiro.bosch@hanaites.com,member57.png,45.4902,1.9183
756,Nandita,Pandey,nandita.pandey@hanaites.com,member57.png,40.7716,-72.9407
757,Julie,Ruiz,julie.ruiz@hanaites.com,member57.png,37.5293,-82.0922
758,Nathalie,Liu,nathalie.liu@hanaites.com,member57.png,43.7,0.0167
759,Monique,Ferrari,monique.ferrari@hanaites.com,member57.png,37.5751,-82.6273
760,Oleg,Gomez,oleg.gomez@hanaites.com,member57.png,53.7833,-2.4833
761,Nathalie,Rodriguez,nathalie.rodriguez@hanaites.com,member57.png,46.6045,4.8646
762,Giovanni,Roberts,giovanni.roberts@hanaites.com,member57.png,46.7173,6.9948
763,Xiaoming,Zhukov,xiaoming.zhukov@hanaites.com,member57.png,48.1148,1.4437
764,Mikhail,Perrin,mikhail.perrin@hanaites.com,member57.png,51.7931,4.2783
765,Jose,Zhukov,jose.zhukov@hanaites.com,member57.png,38.7618,-91.6002
766,Bernard,Froome,bernard.froome@hanaites.com,member57.png,51.7833,6.3167
767,Elena,Kawashima,elena.kawashima@hanaites.com,member57.png,43.112,2.2927
768,Jenny,Bertolini,jenny.bertolini@hanaites.com,member57.png,38.8263,-102.86
769,Takahiro,Bertolini,takahiro.bertolini@hanaites.com,member57.png,47.2932,5.0046
770,Jose,Akiyama,jose.akiyama@hanaites.com,member57.png,45.4,-71.9
771,Roberta,Akiyama,roberta.akiyama@hanaites.com,member57.png,35.05,136.0167
772,Elena,Agarwal,elena.agarwal@hanaites.com,member57.png,50.2632,4.1821
773,Michaela,Schmitz,michaela.schmitz@hanaites.com,member57.png,51.3833,6.95
774,Marina,Rossi,marina.rossi@hanaites.com,member57.png,48.2094,4.3561
775,Xiaoli,Ma,xiaoli.ma@hanaites.com,member57.png,54.3833,-5.55
776,Rahul,Pandey,rahul.pandey@hanaites.com,member57.png,26.1653,-97.8241
777,Laurent,Booth,laurent.booth@hanaites.com,member57.png,48.5667,-4.3167
778,Michel,Akiyama,michel.akiyama@hanaites.com,member57.png,47.2569,1.3996
779,Monique,Dubois,monique.dubois@hanaites.com,member57.png,50.5024,2.6389
780,Xiaoli,Schmitz,xiaoli.schmitz@hanaites.com,member57.png,53.9833,12.1
781,Teresa,Liu,teresa.liu@hanaites.com,member57.png,45.4859,6.4824
782,Vladimir,Schmitz,vladimir.schmitz@hanaites.com,member57.png,53.4833,11.6833
783,Roberta,Li,roberta.li@hanaites.com,member57.png,40.0616,-84.0833
784,Laurent,Komarov,laurent.komarov@hanaites.com,member57.png,51.0833,6.2167
785,Mikhail,Moore,mikhail.moore@hanaites.com,member57.png,48.6822,5.3112
786,Nandita,Dubois,nandita.dubois@hanaites.com,member57.png,50.45,11.2167
787,Michel,Dubois,michel.dubois@hanaites.com,member57.png,53.4167,9.6167
788,Svetlana,Stone,svetlana.stone@hanaites.com,member57.png,43.05,2.5333
789,Antonio,Pandey,antonio.pandey@hanaites.com,member57.png,47.7833,7.8333
790,Michel,Schneider,michel.schneider@hanaites.com,member57.png,48.5166,4.2353
791,Ravi,Wang,ravi.wang@hanaites.com,member57.png,22.35,114.0667
792,Tomoko,Romanov,tomoko.romanov@hanaites.com,member57.png,50.1667,10.3333
793,Monique,Bowler,monique.bowler@hanaites.com,member57.png,49.5011,4.342
794,Nandita,Kawashima,nandita.kawashima@hanaites.com,member57.png,51.3167,-0.35
795,Monique,Dubois,monique.dubois@hanaites.com,member57.png,50.5024,2.6389
796,Jose,Zhukov,jose.zhukov@hanaites.com,member57.png,38.7618,-91.6002
797,Stefan,Dubois,stefan.dubois@hanaites.com,member57.png,36.5637,-92.7334
798,Monique,Schneider,monique.schneider@hanaites.com,member57.png,49.2358,10.0333
799,Marina,Sokolova,marina.sokolova@hanaites.com,member57.png,43.3667,-0.2
800,Carmen,Akiyama,carmen.akiyama@hanaites.com,member57.png,44.9845,1.6372
801,Elena,Li,elena.li@hanaites.com,member57.png,20.7167,83.4833
802,Hiroshi,Zhou,hiroshi.zhou@hanaites.com,member57.png,45.0282,2.5818
803,Elena,Agarwal,elena.agarwal@hanaites.com,member57.png,50.2632,4.1821
804,Michaela,Lopez,michaela.lopez@hanaites.com,member57.png,52.85,-114.3667
805,Mikhail,Romanov,mikhail.romanov@hanaites.com,member57.png,45.2665,4.335
806,Rahul,Toseland,rahul.toseland@hanaites.com,member57.png,53.3272,6.5301
807,John,Volkova,john.volkova@hanaites.com,member57.png,50.6167,8.75
808,Kenji,Chevalier,kenji.chevalier@hanaites.com,member57.png,49.3809,1.0311
809,Oleg,Volkova,oleg.volkova@hanaites.com,member57.png,37.55,139.1
810,Michaela,Komarov,michaela.komarov@hanaites.com,member57.png,52.6,10.3833
811,Oleg,Becker,oleg.becker@hanaites.com,member57.png,44.2134,-122.8
812,Tomoko,Esposito,tomoko.esposito@hanaites.com,member57.png,49.3392,5.6213
813,Veena,Ruiz,veena.ruiz@hanaites.com,member57.png,53.2,10.5833
814,Lee,Miller,lee.miller@hanaites.com,member57.png,41.6734,-74.3854
815,Laurent,Booth,laurent.booth@hanaites.com,member57.png,48.5667,-4.3167
816,Tomoko,Schneider,tomoko.schneider@hanaites.com,member57.png,48.8,11.6333
817,Miguel,Johnson,miguel.johnson@hanaites.com,member57.png,50.4482,2.3305
818,Michaela,Miller,michaela.miller@hanaites.com,member57.png,49.75,11.8167
819,Marco,Volkova,marco.volkova@hanaites.com,member57.png,52.8424,4.9723
820,Thomas,Wilson,thomas.wilson@hanaites.com,member57.png,48.3967,6.7227
821,Donna,Sheene,donna.sheene@hanaites.com,member57.png,50.5163,2.5346
822,Rahul,Patel,rahul.patel@hanaites.com,member57.png,57.2074,114.15
823,Oleg,Ghosh,oleg.ghosh@hanaites.com,member57.png,48.0833,-3.4167
824,Veena,Pandey,veena.pandey@hanaites.com,member57.png,27.15,78.4167
825,Tomoko,Schneider,tomoko.schneider@hanaites.com,member57.png,48.8,11.6333
826,Michel,Liu,michel.liu@hanaites.com,member57.png,49.2328,8.2472
827,Gerd,Dubois,gerd.dubois@hanaites.com,member57.png,31.7749,-88.2801
828,Lee,Komarov,lee.komarov@hanaites.com,member57.png,54.0667,13.9
829,John,Lopez,john.lopez@hanaites.com,member57.png,43.7533,-1.3278
830,Yoko,Becker,yoko.becker@hanaites.com,member57.png,49.6761,2.3652
831,Roberta,Bertolini,roberta.bertolini@hanaites.com,member57.png,42.4398,2.0329
832,Veena,Bertolini,veena.bertolini@hanaites.com,member57.png,53.2667,-2.5333
833,Giovanni,Sheene,giovanni.sheene@hanaites.com,member57.png,40.0481,-76.2113
834,Roberta,Bertolini,roberta.bertolini@hanaites.com,member57.png,42.4398,2.0329
835,Jose,Roberts,jose.roberts@hanaites.com,member57.png,48.9609,0.2023
836,Teresa,Scranney,teresa.scranney@hanaites.com,member57.png,44.7913,0.2313
837,Takahiro,Bertolini,takahiro.bertolini@hanaites.com,member57.png,47.2932,5.0046
838,Laurent,Zhou,laurent.zhou@hanaites.com,member57.png,29.1308,-95.7916
839,Jenny,Patel,jenny.patel@hanaites.com,member57.png,44.8556,3.0998
840,Aneesha,Mayer,aneesha.mayer@hanaites.com,member57.png,48.2289,-3.1815
841,Laurent,Booth,laurent.booth@hanaites.com,member57.png,48.5667,-4.3167
842,Elena,Leclerq,elena.leclerq@hanaites.com,member57.png,48.1,11.3333
843,Lee,Komarov,lee.komarov@hanaites.com,member57.png,54.0667,13.9
844,Denise,Mishra,denise.mishra@hanaites.com,member57.png,50.9667,8.0064
845,Giovanni,Ricci,giovanni.ricci@hanaites.com,member57.png,48.929,2.0495
846,Jenny,Sato,jenny.sato@hanaites.com,member57.png,52.3845,5.7999
847,Miguel,Ma,miguel.ma@hanaites.com,member57.png,52.1405,4.8882
848,Vladimir,Patel,vladimir.patel@hanaites.com,member57.png,49.3878,3.1492
849,Lee,Sato,lee.sato@hanaites.com,member57.png,31.1943,-102.0877
850,Stefan,Dubois,stefan.dubois@hanaites.com,member57.png,36.5637,-92.7334
851,Michael,Wilson,michael.wilson@hanaites.com,member57.png,48.6426,2.5078
852,Mikhail,Wilson,mikhail.wilson@hanaites.com,member57.png,39.1356,-94.133
853,Roberta,Bertolini,roberta.bertolini@hanaites.com,member57.png,42.4398,2.0329
854,Xiaoli,Perrin,xiaoli.perrin@hanaites.com,member57.png,51.6936,-4.7081
855,Alain,Bertolini,alain.bertolini@hanaites.com,member57.png,48.0967,4.388
856,Veena,Semenov,veena.semenov@hanaites.com,member57.png,52.7519,5.0751
857,Aneesha,Roberts,aneesha.roberts@hanaites.com,member57.png,41.8724,-71.0137
858,Matthew,Petrova,matthew.petrova@hanaites.com,member57.png,47.8154,-1.0211
859,Michel,Sakamo,michel.sakamo@hanaites.com,member57.png,40.3602,-79.4398
860,Nandita,Adams,nandita.adams@hanaites.com,member57.png,36.4677,-88.6625
861,Tomoko,Semenov,tomoko.semenov@hanaites.com,member57.png,37.974,-75.4787
862,Thomas,Chevalier,thomas.chevalier@hanaites.com,member57.png,48.8238,9.2833
863,Richard,Mishra,richard.mishra@hanaites.com,member57.png,52.9333,9.1
864,Sabine,Zhou,sabine.zhou@hanaites.com,member57.png,40.6063,-95.0157
865,Vladimir,Ghosh,vladimir.ghosh@hanaites.com,member57.png,48.7404,0.388
866,Antonio,Mishra,antonio.mishra@hanaites.com,member57.png,44.4804,0.0783
867,Marco,Bosch,marco.bosch@hanaites.com,member57.png,49.3054,1.2435
868,Isabelle,Smith,isabelle.smith@hanaites.com,member57.png,48.046,2.4024
869,Richard,Bertolini,richard.bertolini@hanaites.com,member57.png,49.736,4.6341
870,Katrin,Stone,katrin.stone@hanaites.com,member57.png,40.4426,-74.1326
871,Michaela,Schmidt,michaela.schmidt@hanaites.com,member57.png,48.85,9.75
872,Xiaoli,Ma,xiaoli.ma@hanaites.com,member57.png,54.3833,-5.55
873,Antonio,Ma,antonio.ma@hanaites.com,member57.png,51.4167,8.05
874,Jenny,Becker,jenny.becker@hanaites.com,member57.png,47.8293,-1.3191
875,Hiroshi,Toseland,hiroshi.toseland@hanaites.com,member57.png,49.8372,8.3497
876,Richard,Bertolini,richard.bertolini@hanaites.com,member57.png,49.736,4.6341
877,Isabelle,Pandey,isabelle.pandey@hanaites.com,member57.png,49.0667,9.3167
878,Jose,Agarwal,jose.agarwal@hanaites.com,member57.png,47.9167,10.9333
879,Thomas,Petrova,thomas.petrova@hanaites.com,member57.png,48.6442,5.512
880,Marco,Bertolini,marco.bertolini@hanaites.com,member57.png,48.1518,-1.2395
881,Tomoko,Bowler,tomoko.bowler@hanaites.com,member57.png,50.9667,6.75
882,Miguel,Ghosh,miguel.ghosh@hanaites.com,member57.png,49.6024,2.801
883,Marco,Zhou,marco.zhou@hanaites.com,member57.png,51.8,10.0333
884,Oleg,Suzuki,oleg.suzuki@hanaites.com,member57.png,48.0822,6.9294
885,Aneesha,Roberts,aneesha.roberts@hanaites.com,member57.png,41.8724,-71.0137
886,Michel,Akiyama,michel.akiyama@hanaites.com,member57.png,47.2569,1.3996
887,Takahiro,Singh,takahiro.singh@hanaites.com,member57.png,49.4717,0.9027
888,Carmen,Dupont,carmen.dupont@hanaites.com,member57.png,49.7228,5.1435
889,Aiko,Romanov,aiko.romanov@hanaites.com,member57.png,34.2833,133.7833
890,Xiaoli,Schmitz,xiaoli.schmitz@hanaites.com,member57.png,53.9833,12.1
891,Veena,Fernandez,veena.fernandez@hanaites.com,member57.png,48.85,8.5333
892,Monique,Armstrong,monique.armstrong@hanaites.com,member57.png,49.6966,2.1714
893,John,Sheene,john.sheene@hanaites.com,member57.png,48.3,13.1667
894,Marina,Sato,marina.sato@hanaites.com,member57.png,54.1303,-111.1517
895,Giovanni,Rodriguez,giovanni.rodriguez@hanaites.com,member57.png,53.0167,8.8
896,Michaela,Komarov,michaela.komarov@hanaites.com,member57.png,52.6,10.3833
897,Teresa,Liu,teresa.liu@hanaites.com,member57.png,45.4859,6.4824
898,Tomoko,Esposito,tomoko.esposito@hanaites.com,member57.png,49.3392,5.6213
899,Oleg,Gomez,oleg.gomez@hanaites.com,member57.png,53.7833,-2.4833
900,Jose,Lopez,jose.lopez@hanaites.com,member57.png,51.3,6.7333
901,Gerd,Lopez,gerd.lopez@hanaites.com,member57.png,43.7038,-1.0074
902,Hiroshi,Perrin,hiroshi.perrin@hanaites.com,member57.png,53.05,-1.1833
903,John,Abe,john.abe@hanaites.com,member57.png,53.5333,-7.7833
904,Marco,Ma,marco.ma@hanaites.com,member57.png,50.7,7.7833
905,Karan,Komarov,karan.komarov@hanaites.com,member57.png,51.9333,11.5
906,Gerd,Lopez,gerd.lopez@hanaites.com,member57.png,43.7038,-1.0074
907,Matthew,Sokolova,matthew.sokolova@hanaites.com,member57.png,48.3289,1.6927
908,Richard,Bosch,richard.bosch@hanaites.com,member57.png,54.1431,-112.1511
909,Takahiro,Bosch,takahiro.bosch@hanaites.com,member57.png,45.4902,1.9183
910,Vladimir,Miller,vladimir.miller@hanaites.com,member57.png,40.6259,-97.2737
911,Thomas,Bertolini,thomas.bertolini@hanaites.com,member57.png,27.2333,88.5
912,Elena,Kawashima,elena.kawashima@hanaites.com,member57.png,43.112,2.2927
913,Monique,Perrin,monique.perrin@hanaites.com,member57.png,34.2011,-118.5365
914,Xiaoming,Sokolova,xiaoming.sokolova@hanaites.com,member57.png,45.5425,-93.4769
915,Nathalie,Rossi,nathalie.rossi@hanaites.com,member57.png,50.9667,6.9
916,Marina,Esposito,marina.esposito@hanaites.com,member57.png,47.7505,-79.8652
917,Takahiro,Bertolini,takahiro.bertolini@hanaites.com,member57.png,47.2932,5.0046
918,Lee,Wang,lee.wang@hanaites.com,member57.png,48.2,3.7833
919,Marco,Ricci,marco.ricci@hanaites.com,member57.png,48.923,6.6418
920,Nathalie,Crutchlow,nathalie.crutchlow@hanaites.com,member57.png,47.8058,6.9333
921,Denise,Fernandez,denise.fernandez@hanaites.com,member57.png,53.45,12.2
922,Nandita,Pandey,nandita.pandey@hanaites.com,member57.png,40.7716,-72.9407
923,Bernard,Froome,bernard.froome@hanaites.com,member57.png,51.7833,6.3167
924,Michel,Schmidt,michel.schmidt@hanaites.com,member57.png,48.5538,2.2167
925,Donna,Dupont,donna.dupont@hanaites.com,member57.png,47.7,2.95
926,Giovanni,Adams,giovanni.adams@hanaites.com,member57.png,54.8481,-8.3164
927,Mikhail,Mishra,mikhail.mishra@hanaites.com,member57.png,54.25,-0.85
928,Carmen,Volkova,carmen.volkova@hanaites.com,member57.png,50.4833,7.95
929,Karan,Gomez,karan.gomez@hanaites.com,member57.png,47.7167,9.1
930,Gerd,Lopez,gerd.lopez@hanaites.com,member57.png,43.7038,-1.0074
931,Lee,Toseland,lee.toseland@hanaites.com,member57.png,52.4,10.1833
932,Cristina,Mayer,cristina.mayer@hanaites.com,member57.png,51.7167,-0.8667
933,Michaela,Sakamo,michaela.sakamo@hanaites.com,member57.png,22.5253,88.265
934,Alain,Komarov,alain.komarov@hanaites.com,member57.png,56.2,-3.4167
935,Lee,Ishida,lee.ishida@hanaites.com,member57.png,53.9333,-1.1833
936,Veena,Ruiz,veena.ruiz@hanaites.com,member57.png,53.2,10.5833
937,Jenny,Patel,jenny.patel@hanaites.com,member57.png,44.8556,3.0998
938,Nathalie,Rodriguez,nathalie.rodriguez@hanaites.com,member57.png,46.6045,4.8646
939,Teresa,Moore,teresa.moore@hanaites.com,member57.png,45.5944,-87.9317
940,Marco,Wang,marco.wang@hanaites.com,member57.png,36.7012,-92.3176
941,Giovanni,Zhukov,giovanni.zhukov@hanaites.com,member57.png,52.8667,12.25
942,Lee,Wang,lee.wang@hanaites.com,member57.png,48.2,3.7833
943,Marina,Komarov,marina.komarov@hanaites.com,member57.png,50.1043,1.9768
944,Jose,Lopez,jose.lopez@hanaites.com,member57.png,51.3,6.7333
945,Lee,Ricci,lee.ricci@hanaites.com,member57.png,49.4054,5.9814
946,Takahiro,Bosch,takahiro.bosch@hanaites.com,member57.png,45.4902,1.9183
947,Laurent,Abe,laurent.abe@hanaites.com,member57.png,50.8833,1.7167
948,Julie,Zhou,julie.zhou@hanaites.com,member57.png,45.9948,6.2458
949,Xiaoming,Patel,xiaoming.patel@hanaites.com,member57.png,53.3,10.1
950,Hiroshi,Perrin,hiroshi.perrin@hanaites.com,member57.png,53.05,-1.1833
951,Michael,Dubois,michael.dubois@hanaites.com,member57.png,53.5667,-0.4667
952,Nathalie,Moore,nathalie.moore@hanaites.com,member57.png,53.6462,7.2946
953,Elena,Esposito,elena.esposito@hanaites.com,member57.png,43.8941,-69.5633
954,Ravi,Mishra,ravi.mishra@hanaites.com,member57.png,34.1667,77.5833
955,John,Volkova,john.volkova@hanaites.com,member57.png,50.6167,8.75
956,Karan,Ferrari,karan.ferrari@hanaites.com,member57.png,45.3515,1.637
957,Alain,Schneider,alain.schneider@hanaites.com,member57.png,51.6714,-4.1011
958,Monique,Schneider,monique.schneider@hanaites.com,member57.png,49.2358,10.0333
959,John,Kawashima,john.kawashima@hanaites.com,member57.png,46.0353,4.3292
960,Monique,Petrova,monique.petrova@hanaites.com,member57.png,41.8201,-77.606
961,Alain,Gomez,alain.gomez@hanaites.com,member57.png,47.9184,3.7259
962,Michel,Akiyama,michel.akiyama@hanaites.com,member57.png,47.2569,1.3996
963,Cristina,Becker,cristina.becker@hanaites.com,member57.png,51.2833,0.1333
964,Denise,Bertolini,denise.bertolini@hanaites.com,member57.png,46.2588,4.9175
965,Sabine,Zhou,sabine.zhou@hanaites.com,member57.png,40.6063,-95.0157
966,Tomoko,Esposito,tomoko.esposito@hanaites.com,member57.png,49.3392,5.6213
967,Tomoko,Esposito,tomoko.esposito@hanaites.com,member57.png,49.3392,5.6213
968,Xiaoming,Sokolova,xiaoming.sokolova@hanaites.com,member57.png,45.5425,-93.4769
969,John,Wilson,john.wilson@hanaites.com,member57.png,51.7167,-9.1167
970,Rahul,Toseland,rahul.toseland@hanaites.com,member57.png,53.3272,6.5301
971,Katrin,Singh,katrin.singh@hanaites.com,member57.png,50.0333,7.3167
972,Kenji,Dubois,kenji.dubois@hanaites.com,member57.png,51.3333,8.0076
973,Michel,Dubois,michel.dubois@hanaites.com,member57.png,53.4167,9.6167
974,Tomoko,Lopez,tomoko.lopez@hanaites.com,member57.png,45.3233,-0.3752
975,Elena,Liu,elena.liu@hanaites.com,member57.png,49.4693,0.5279
976,Marco,Ricci,marco.ricci@hanaites.com,member57.png,48.923,6.6418
977,Vladimir,Ghosh,vladimir.ghosh@hanaites.com,member57.png,48.7404,0.388
978,Antonio,Mayer,antonio.mayer@hanaites.com,member57.png,49.335,1.8204
979,Elena,Petrova,elena.petrova@hanaites.com,member57.png,45.0401,-0.6789
980,Cristina,Zhukov,cristina.zhukov@hanaites.com,member57.png,49.5164,2.1691
981,Miguel,Johnson,miguel.johnson@hanaites.com,member57.png,50.4482,2.3305
982,Vladimir,Sheene,vladimir.sheene@hanaites.com,member57.png,44.029,-87.9115
983,Nandita,Adams,nandita.adams@hanaites.com,member57.png,36.4677,-88.6625
984,Marco,Semenov,marco.semenov@hanaites.com,member57.png,54.1167,-1.35
985,Giovanni,Wilson,giovanni.wilson@hanaites.com,member57.png,43.7732,-0.8969
986,Tomoko,Zhukov,tomoko.zhukov@hanaites.com,member57.png,42.6128,2.3553
987,Tomoko,Esposito,tomoko.esposito@hanaites.com,member57.png,49.3392,5.6213
988,Oleg,Vega,oleg.vega@hanaites.com,member57.png,36.8513,-85.5541
989,Elena,Leclerq,elena.leclerq@hanaites.com,member57.png,48.1,11.3333
990,Mikhail,Ricci,mikhail.ricci@hanaites.com,member57.png,45.6833,1.5667
991,Mikhail,Chevalier,mikhail.chevalier@hanaites.com,member57.png,39.1687,-81.8465
992,Carmen,Patel,carmen.patel@hanaites.com,member57.png,42.7311,-75.1319
993,Oleg,Volkova,oleg.volkova@hanaites.com,member57.png,37.55,139.1
994,Xiaoming,Dupont,xiaoming.dupont@hanaites.com,member57.png,52.2333,-0.9833
995,Gerd,Lopez,gerd.lopez@hanaites.com,member57.png,43.7038,-1.0074
996,John,Sato,john.sato@hanaites.com,member57.png,48.5498,7.4027
997,Hiroshi,Chevalier,hiroshi.chevalier@hanaites.com,member57.png,38.7071,-121.269
998,Giovanni,Sheene,giovanni.sheene@hanaites.com,member57.png,40.0481,-76.2113
999,Donna,Sheene,donna.sheene@hanaites.com,member57.png,50.5163,2.5346
1000,Lee,Liu,lee.liu@hanaites.com,member57.png,50,7.3
1001,Antonio,Pandey,antonio.pandey@hanaites.com,member57.png,47.7833,7.8333
1002,Karan,Ferrari,karan.ferrari@hanaites.com,member57.png,45.3515,1.637
1003,Richard,Armstrong,richard.armstrong@hanaites.com,member57.png,50.5833,7.2833
1004,Xiaoli,Perrin,xiaoli.perrin@hanaites.com,member57.png,51.6936,-4.7081
1005,Thomas,Wilson,thomas.wilson@hanaites.com,member57.png,48.3967,6.7227
1006,Nathalie,Toseland,nathalie.toseland@hanaites.com,member57.png,48.9167,12.8667
1007,Nandita,Mishra,nandita.mishra@hanaites.com,member57.png,50.9,12.2
1008,Tomoko,Zhukov,tomoko.zhukov@hanaites.com,member57.png,42.6128,2.3553
1009,Jenny,Bauer,jenny.bauer@hanaites.com,member57.png,50.7667,13.7833
1010,Takahiro,Gomez,takahiro.gomez@hanaites.com,member57.png,45.3448,3.469
1011,Jose,Komarov,jose.komarov@hanaites.com,member57.png,12.3833,77.0833
1012,Takahiro,Sokolova,takahiro.sokolova@hanaites.com,member57.png,48.1562,3.2313
1013,Gerd,Sokolova,gerd.sokolova@hanaites.com,member57.png,41.2476,-90.89
1014,Isabelle,Volkova,isabelle.volkova@hanaites.com,member57.png,43.0872,2.9583
1015,Mikhail,Zhukov,mikhail.zhukov@hanaites.com,member57.png,48.2833,10.3333
1016,Svetlana,Bowler,svetlana.bowler@hanaites.com,member57.png,48.1167,5.9167
1017,Vladimir,Sheene,vladimir.sheene@hanaites.com,member57.png,44.029,-87.9115
1018,Katrin,Sokolova,katrin.sokolova@hanaites.com,member57.png,44.3957,-68.0372
1019,Michael,Armstrong,michael.armstrong@hanaites.com,member57.png,52.95,-4.05
1020,Teresa,Moore,teresa.moore@hanaites.com,member57.png,45.5944,-87.9317
1021,Nandita,Dubois,nandita.dubois@hanaites.com,member57.png,50.45,11.2167
1022,Michaela,Lopez,michaela.lopez@hanaites.com,member57.png,52.85,-114.3667
1023,Richard,Armstrong,richard.armstrong@hanaites.com,member57.png,50.5833,7.2833
1024,Roberta,Rodriguez,roberta.rodriguez@hanaites.com,member57.png,44.9019,4.4615
1025,Teresa,Ferrari,teresa.ferrari@hanaites.com,member57.png,37.2178,-93.5532
1026,Ravi,Semenov,ravi.semenov@hanaites.com,member57.png,47.2677,4.6335
1027,Matthew,Bosch,matthew.bosch@hanaites.com,member57.png,51.45,-0.2
1028,Ravi,Romanov,ravi.romanov@hanaites.com,member57.png,50.5833,7.2833
1029,Karan,Esposito,karan.esposito@hanaites.com,member57.png,53.3094,-7.0236
1030,Jenny,Schmitz,jenny.schmitz@hanaites.com,member57.png,48.8657,-123.6964
1031,Lee,Wang,lee.wang@hanaites.com,member57.png,48.2,3.7833
1032,Jose,Roberts,jose.roberts@hanaites.com,member57.png,48.9609,0.2023
1033,Svetlana,Schneider,svetlana.schneider@hanaites.com,member57.png,45.5919,-91.6013
1034,Richard,Crutchlow,richard.crutchlow@hanaites.com,member57.png,44.2281,5.1984
1035,Laurent,Komarov,laurent.komarov@hanaites.com,member57.png,51.0833,6.2167
1036,Ravi,Bosch,ravi.bosch@hanaites.com,member57.png,49.3848,-1.3437
1037,Ravi,Stone,ravi.stone@hanaites.com,member57.png,49.4667,5.6333
1038,Elena,Kawashima,elena.kawashima@hanaites.com,member57.png,43.112,2.2927
1039,Tomoko,Semenov,tomoko.semenov@hanaites.com,member57.png,37.974,-75.4787
1040,Jenny,Patel,jenny.patel@hanaites.com,member57.png,44.8556,3.0998
1041,Julie,Rolls,julie.rolls@hanaites.com,member57.png,49.1833,13.4833
1042,Thomas,Wilson,thomas.wilson@hanaites.com,member57.png,48.3967,6.7227
1043,Mikhail,Ghosh,mikhail.ghosh@hanaites.com,member57.png,38.5072,-98.3965
1044,Tomoko,Zhukov,tomoko.zhukov@hanaites.com,member57.png,42.6128,2.3553
1045,Teresa,Petrova,teresa.petrova@hanaites.com,member57.png,48.8333,2.8167
